Workbook

Sheet Summary
A1: Fast Follower Analysis – Executive Summary
A3: APPLICATION UNIVERSE
A4: Metric | B4: Count | C4: Notes
A5: Total Business Apps (Risk File) | B5: =COUNTA(All_Risk_Apps!A:A)-1 -> 2 | C5: Full app inventory
A6: Apps Active in Illumio (bus_active=TRUE) | B6: =COUNTIF(All_Risk_Apps!C:C,TRUE()) -> 0
A7: FUSE Members | B7: =COUNTIF(All_Risk_Apps!I:I,"Yes") -> 0
A8: FND-17108 Finding Apps | B8: =COUNTIF(All_Risk_Apps!K:K,"Yes") -> 0
A10: RISK RATING BREAKDOWN
A11: Risk Rating | B11: Total Apps | C11: FUSE Members | D11: Finding Apps | E11: Fast Follower Eligible
A12: Very High | B12: =COUNTIF(All_Risk_Apps!D:D,"Very High") -> 0 | C12: =COUNTIFS(All_Risk_Apps!D:D,"Very High",All_Risk_Apps!I:I,"Yes") -> 0 | D12: =COUNTIFS(All_Risk_Apps!D:D,"Very High",All_Risk_Apps!K:K,"Yes") -> 0 | E12: N/A – See Bucket 1
A13: High | B13: =COUNTIF(All_Risk_Apps!D:D,"High") -> 0 | C13: =COUNTIFS(All_Risk_Apps!D:D,"High",All_Risk_Apps!I:I,"Yes") -> 0 | D13: =COUNTIFS(All_Risk_Apps!D:D,"High",All_Risk_Apps!K:K,"Yes") -> 0 | E13: N/A – See Bucket 1
A14: Moderate | B14: =COUNTIF(All_Risk_Apps!D:D,"Moderate") -> 0 | C14: =COUNTIFS(All_Risk_Apps!D:D,"Moderate",All_Risk_Apps!I:I,"Yes") -> 0 | D14: =COUNTIFS(All_Risk_Apps!D:D,"Moderate",All_Risk_Apps!K:K,"Yes") -> 0 | E14: =COUNTIFS(All_Risk_Apps!D:D,"Moderate",All_Risk_Apps!J:J,"Fast Follower") -> 0
A15: Low | B15: =COUNTIF(All_Risk_Apps!D:D,"Low") -> 0 | C15: =COUNTIFS(All_Risk_Apps!D:D,"Low",All_Risk_Apps!I:I,"Yes") -> 0 | D15: =COUNTIFS(All_Risk_Apps!D:D,"Low",All_Risk_Apps!K:K,"Yes") -> 0 | E15: =COUNTIFS(All_Risk_Apps!D:D,"Low",All_Risk_Apps!J:J,"Fast Follower") -> 0
A17: FAST FOLLOWER BUCKETS
A18: Bucket | B18: Description | C18: App Count | D18: Server Workloads | E18: Container Workloads
A19: Bucket 1 | B19: High/Very High Risk – NOT in FND-17108 Findings | C19: =COUNTA(Bucket1_High_Risk!A:A)-1 -> 202 | D19: =SUMIF(Bucket1_High_Risk!A:A,"<>",Bucket1_High_Risk!M:M) -> 0 | E19: =SUMIF(Bucket1_High_Risk!A:A,"<>",Bucket1_High_Risk!N:N) -> 0
A20: Bucket 2 | B20: Fast Followers – Low/Moderate, FUSE Member, NOT a Finding | C20: =COUNTA(Bucket2_Fast_Followers!A:A)-1 -> 202 | D20: =SUMIF(Bucket2_Fast_Followers!A:A,"<>",Bucket2_Fast_Followers!M:M) -> 0 | E20: =SUMIF(Bucket2_Fast_Followers!A:A,"<>",Bucket2_Fast_Followers!N:N) -> 0

Sheet All_Risk_Apps
A1: All Business Applications – Risk & Classification
A2: rsk_u_application | B2: bus_correlation_id | C2: bus_active | D2: rsk_u_overall_risk_rating | E2: bus_application_manager | F2: bus_application_type | G2: rsk_u_segment_it_risk_manager | H2: dep_u_segment_risk_officer | I2: FUSE_Member | J2: Fast_Follower_Status | K2: FND_Finding
A3: ⬇ PASTE your s_business_app_to_risk data starting in row 4 (columns A–H). Columns I, J, K are auto-calculated.
I4: =IF(B4="","",IF(COUNTIF(FUSE_CI!$A:$A,B4)>0,"Yes","No")) | J4: =IF(B4="","",IF(AND(D4<>"High",D4<>"Very High",I4="Yes",K4="No"),"Fast Follower","Not Eligible")) | K4: =IF(B4="","",IF(COUNTIF(Finding_List!$A:$A,B4)>0,"Yes","No"))
I5: =IF(B5="","",IF(COUNTIF(FUSE_CI!$A:$A,B5)>0,"Yes","No")) | J5: =IF(B5="","",IF(AND(D5<>"High",D5<>"Very High",I5="Yes",K5="No"),"Fast Follower","Not Eligible")) | K5: =IF(B5="","",IF(COUNTIF(Finding_List!$A:$A,B5)>0,"Yes","No"))
I6: =IF(B6="","",IF(COUNTIF(FUSE_CI!$A:$A,B6)>0,"Yes","No")) | J6: =IF(B6="","",IF(AND(D6<>"High",D6<>"Very High",I6="Yes",K6="No"),"Fast Follower","Not Eligible")) | K6: =IF(B6="","",IF(COUNTIF(Finding_List!$A:$A,B6)>0,"Yes","No"))
I7: =IF(B7="","",IF(COUNTIF(FUSE_CI!$A:$A,B7)>0,"Yes","No")) | J7: =IF(B7="","",IF(AND(D7<>"High",D7<>"Very High",I7="Yes",K7="No"),"Fast Follower","Not Eligible")) | K7: =IF(B7="","",IF(COUNTIF(Finding_List!$A:$A,B7)>0,"Yes","No"))
I8: =IF(B8="","",IF(COUNTIF(FUSE_CI!$A:$A,B8)>0,"Yes","No")) | J8: =IF(B8="","",IF(AND(D8<>"High",D8<>"Very High",I8="Yes",K8="No"),"Fast Follower","Not Eligible")) | K8: =IF(B8="","",IF(COUNTIF(Finding_List!$A:$A,B8)>0,"Yes","No"))
I9: =IF(B9="","",IF(COUNTIF(FUSE_CI!$A:$A,B9)>0,"Yes","No")) | J9: =IF(B9="","",IF(AND(D9<>"High",D9<>"Very High",I9="Yes",K9="No"),"Fast Follower","Not Eligible")) | K9: =IF(B9="","",IF(COUNTIF(Finding_List!$A:$A,B9)>0,"Yes","No"))
I10: =IF(B10="","",IF(COUNTIF(FUSE_CI!$A:$A,B10)>0,"Yes","No")) | J10: =IF(B10="","",IF(AND(D10<>"High",D10<>"Very High",I10="Yes",K10="No"),"Fast Follower","Not Eligible")) | K10: =IF(B10="","",IF(COUNTIF(Finding_List!$A:$A,B10)>0,"Yes","No"))
I11: =IF(B11="","",IF(COUNTIF(FUSE_CI!$A:$A,B11)>0,"Yes","No")) | J11: =IF(B11="","",IF(AND(D11<>"High",D11<>"Very High",I11="Yes",K11="No"),"Fast Follower","Not Eligible")) | K11: =IF(B11="","",IF(COUNTIF(Finding_List!$A:$A,B11)>0,"Yes","No"))
I12: =IF(B12="","",IF(COUNTIF(FUSE_CI!$A:$A,B12)>0,"Yes","No")) | J12: =IF(B12="","",IF(AND(D12<>"High",D12<>"Very High",I12="Yes",K12="No"),"Fast Follower","Not Eligible")) | K12: =IF(B12="","",IF(COUNTIF(Finding_List!$A:$A,B12)>0,"Yes","No"))
I13: =IF(B13="","",IF(COUNTIF(FUSE_CI!$A:$A,B13)>0,"Yes","No")) | J13: =IF(B13="","",IF(AND(D13<>"High",D13<>"Very High",I13="Yes",K13="No"),"Fast Follower","Not Eligible")) | K13: =IF(B13="","",IF(COUNTIF(Finding_List!$A:$A,B13)>0,"Yes","No"))
I14: =IF(B14="","",IF(COUNTIF(FUSE_CI!$A:$A,B14)>0,"Yes","No")) | J14: =IF(B14="","",IF(AND(D14<>"High",D14<>"Very High",I14="Yes",K14="No"),"Fast Follower","Not Eligible")) | K14: =IF(B14="","",IF(COUNTIF(Finding_List!$A:$A,B14)>0,"Yes","No"))
I15: =IF(B15="","",IF(COUNTIF(FUSE_CI!$A:$A,B15)>0,"Yes","No")) | J15: =IF(B15="","",IF(AND(D15<>"High",D15<>"Very High",I15="Yes",K15="No"),"Fast Follower","Not Eligible")) | K15: =IF(B15="","",IF(COUNTIF(Finding_List!$A:$A,B15)>0,"Yes","No"))
... I1233: =IF(B1233="","",IF(COUNTIF(FUSE_CI!$A:$A,B1233)>0,"Yes","No")) | J1233: =IF(B1233="","",IF(AND(D1233<>"High",D1233<>"Very High",I1233="Yes",K1233="No"),"Fast Follower","Not Eligible")) | K1233: =IF(B1233="","",IF(COUNTIF(Finding_List!$A:$A,B1233)>0,"Yes","No"))

Sheet Bucket1_High_Risk
A1: BUCKET 1 – High / Very High Risk Apps NOT in FND-17108 Findings
A2: App Name | B2: CI (bus_correlation_id) | C2: Risk Rating | D2: Bus Active | E2: App Manager | F2: App Type | G2: FUSE Member | H2: Server Enforcement Mode | I2: Server Online Status | J2: Retired Servers (R-RETIRED_IN_CMDB) | K2: Container Enforcement Mode | L2: Finding App? | M2: Server Count | N2: Container Count
A3: ⬇ These rows auto-populate from All_Risk_Apps where Risk = High or Very High AND FND_Finding = No. Paste source data in All_Risk_Apps, Server_Inventory, and Container_Inventory tabs first.
A4: =IFERROR(INDEX(All_Risk_Apps!$A$4:$A$1233,_xludf.aggregate(15,6,(ROW(All_Risk_Apps!$A$4:$A$1233)-ROW(All_Risk_Apps!$A$4)+1)/((OR(All_Risk_Apps!$D$4:$D$1233={"High","Very High"}))*(All_Risk_Apps!$K$4:$K$1233="No")*(All_Risk_Apps!$A$4:$A$1233<>"")),1)),"") | B4: =IFERROR(INDEX(All_Risk_Apps!$B$4:$B$1233,_xludf.aggregate(15,6,(ROW(All_Risk_Apps!$A$4:$A$1233)-ROW(All_Risk_Apps!$A$4)+1)/((OR(All_Risk_Apps!$D$4:$D$1233={"High","Very High"}))*(All_Risk_Apps!$K$4:$K$1233="No")*(All_Risk_Apps!$A$4:$A$1233<>"")),1)),"") | C4: =IFERROR(INDEX(All_Risk_Apps!$D$4:$D$1233,_xludf.aggregate(15,6,(ROW(All_Risk_Apps!$A$4:$A$1233)-ROW(All_Risk_Apps!$A$4)+1)/((OR(All_Risk_Apps!$D$4:$D$1233={"High","Very High"}))*(All_Risk_Apps!$K$4:$K$1233="No")*(All_Risk_Apps!$A$4:$A$1233<>"")),1)),"") | D4: =IFERROR(INDEX(All_Risk_Apps!$C$4:$C$1233,_xludf.aggregate(15,6,(ROW(All_Risk_Apps!$A$4:$A$1233)-ROW(All_Risk_Apps!$A$4)+1)/((OR(All_Risk_Apps!$D$4:$D$1233={"High","Very High"}))*(All_Risk_Apps!$K$4:$K$1233="No")*(All_Risk_Apps!$A$4:$A$1233<>"")),1)),"") | E4: =IFERROR(INDEX(All_Risk_Apps!$E$4:$E$1233,_xludf.aggregate(15,6,(ROW(All_Risk_Apps!$A$4:$A$1233)-ROW(All_Risk_Apps!$A$4)+1)/((OR(All_Risk_Apps!$D$4:$D$1233={"High","Very High"}))*(All_Risk_Apps!$K$4:$K$1233="No")*(All_Risk_Apps!$A$4:$A$1233<>"")),1)),"") | F4: =IFERROR(INDEX(All_Risk_Apps!$F$4:$F$1233,_xludf.aggregate(15,6,(ROW(All_Risk_Apps!$A$4:$A$1233)-ROW(All_Risk_Apps!$A$4)+1)/((OR(All_Risk_Apps!$D$4:$D$1233={"High","Very High"}))*(All_Risk_Apps!$K$4:$K$1233="No")*(All_Risk_Apps!$A$4:$A$1233<>"")),1)),"") | G4: =IFERROR(INDEX(All_Risk_Apps!$I$4:$I$1233,_xludf.aggregate(15,6,(ROW(All_Risk_Apps!$A$4:$A$1233)-ROW(All_Risk_Apps!$A$4)+1)/((OR(All_Risk_Apps!$D$4:$D$1233={"High","Very High"}))*(All_Risk_Apps!$K$4:$K$1233="No")*(All_Risk_Apps!$A$4:$A$1233<>"")),1)),"") | H4: =IF(B4="","",IFERROR(INDEX(Server_Inventory!$R:$R,MATCH(B4,Server_Inventory!$Z:$Z,0)),"Not Found")) | I4: =IF(B4="","",IFERROR(INDEX(Server_Inventory!$S:$S,MATCH(B4,Server_Inventory!$Z:$Z,0)),"Not Found")) | J4: =IF(B4="","",COUNTIFS(Server_Inventory!$Z:$Z,B4,Server_Inventory!$P:$P,"R-RETIRED_IN_CMDB")) | K4: =IF(B4="","",IFERROR(INDEX(Container_Inventory!$F:$F,MATCH(B4,Container_Inventory!$L:$L,0)),"Not Found")) | L4: =IF(B4="","",IF(COUNTIF(Finding_List!$A:$A,B4)>0,"Yes","No")) | M4: =IF(B4="","",COUNTIF(Server_Inventory!$Z:$Z,B4)) | N4: =IF(B4="","",COUNTIF(Container_Inventory!$L:$L,B4))
A5: =IFERROR(INDEX(All_Risk_Apps!$A$4:$A$1233,_xludf.aggregate(15,6,(ROW(All_Risk_Apps!$A$4:$A$1233)-ROW(All_Risk_Apps!$A$4)+1)/((OR(All_Risk_Apps!$D$4:$D$1233={"High","Very High"}))*(All_Risk_Apps!$K$4:$K$1233="No")*(All_Risk_Apps!$A$4:$A$1233<>"")),2)),"") | B5: =IFERROR(INDEX(All_Risk_Apps!$B$4:$B$1233,_xludf.aggregate(15,6,(ROW(All_Risk_Apps!$A$4:$A$1233)-ROW(All_Risk_Apps!$A$4)+1)/((OR(All_Risk_Apps!$D$4:$D$1233={"High","Very High"}))*(All_Risk_Apps!$K$4:$K$1233="No")*(All_Risk_Apps!$A$4:$A$1233<>"")),2)),"") | C5: =IFERROR(INDEX(All_Risk_Apps!$D$4:$D$1233,_xludf.aggregate(15,6,(ROW(All_Risk_Apps!$A$4:$A$1233)-ROW(All_Risk_Apps!$A$4)+1)/((OR(All_Risk_Apps!$D$4:$D$1233={"High","Very High"}))*(All_Risk_Apps!$K$4:$K$1233="No")*(All_Risk_Apps!$A$4:$A$1233<>"")),2)),"") | D5: =IFERROR(INDEX(All_Risk_Apps!$C$4:$C$1233,_xludf.aggregate(15,6,(ROW(All_Risk_Apps!$A$4:$A$1233)-ROW(All_Risk_Apps!$A$4)+1)/((OR(All_Risk_Apps!$D$4:$D$1233={"High","Very High"}))*(All_Risk_Apps!$K$4:$K$1233="No")*(All_Risk_Apps!$A$4:$A$1233<>"")),2)),"") | E5: =IFERROR(INDEX(All_Risk_Apps!$E$4:$E$1233,_xludf.aggregate(15,6,(ROW(All_Risk_Apps!$A$4:$A$1233)-ROW(All_Risk_Apps!$A$4)+1)/((OR(All_Risk_Apps!$D$4:$D$1233={"High","Very High"}))*(All_Risk_Apps!$K$4:$K$1233="No")*(All_Risk_Apps!$A$4:$A$1233<>"")),2)),"") | F5: =IFERROR(INDEX(All_Risk_Apps!$F$4:$F$1233,_xludf.aggregate(15,6,(ROW(All_Risk_Apps!$A$4:$A$1233)-ROW(All_Risk_Apps!$A$4)+1)/((OR(All_Risk_Apps!$D$4:$D$1233={"High","Very High"}))*(All_Risk_Apps!$K$4:$K$1233="No")*(All_Risk_Apps!$A$4:$A$1233<>"")),2)),"") | G5: =IFERROR(INDEX(All_Risk_Apps!$I$4:$I$1233,_xludf.aggregate(15,6,(ROW(All_Risk_Apps!$A$4:$A$1233)-ROW(All_Risk_Apps!$A$4)+1)/((OR(All_Risk_Apps!$D$4:$D$1233={"High","Very High"}))*(All_Risk_Apps!$K$4:$K$1233="No")*(All_Risk_Apps!$A$4:$A$1233<>"")),2)),"") | H5: =IF(B5="","",IFERROR(INDEX(Server_Inventory!$R:$R,MATCH(B5,Server_Inventory!$Z:$Z,0)),"Not Found")) | I5: =IF(B5="","",IFERROR(INDEX(Server_Inventory!$S:$S,MATCH(B5,Server_Inventory!$Z:$Z,0)),"Not Found")) | J5: =IF(B5="","",COUNTIFS(Server_Inventory!$Z:$Z,B5,Server_Inventory!$P:$P,"R-RETIRED_IN_CMDB")) | K5: =IF(B5="","",IFERROR(INDEX(Container_Inventory!$F:$F,MATCH(B5,Container_Inventory!$L:$L,0)),"Not Found")) | L5: =IF(B5="","",IF(COUNTIF(Finding_List!$A:$A,B5)>0,"Yes","No")) | M5: =IF(B5="","",COUNTIF(Server_Inventory!$Z:$Z,B5)) | N5: =IF(B5="","",COUNTIF(Container_Inventory!$L:$L,B5))
A6: =IFERROR(INDEX(All_Risk_Apps!$A$4:$A$1233,_xludf.aggregate(15,6,(ROW(All_Risk_Apps!$A$4:$A$1233)-ROW(All_Risk_Apps!$A$4)+1)/((OR(All_Risk_Apps!$D$4:$D$1233={"High","Very High"}))*(All_Risk_Apps!$K$4:$K$1233="No")*(All_Risk_Apps!$A$4:$A$1233<>"")),3)),"") | B6: =IFERROR(INDEX(All_Risk_Apps!$B$4:$B$1233,_xludf.aggregate(15,6,(ROW(All_Risk_Apps!$A$4:$A$1233)-ROW(All_Risk_Apps!$A$4)+1)/((OR(All_Risk_Apps!$D$4:$D$1233={"High","Very High"}))*(All_Risk_Apps!$K$4:$K$1233="No")*(All_Risk_Apps!$A$4:$A$1233<>"")),3)),"") | C6: =IFERROR(INDEX(All_Risk_Apps!$D$4:$D$1233,_xludf.aggregate(15,6,(ROW(All_Risk_Apps!$A$4:$A$1233)-ROW(All_Risk_Apps!$A$4)+1)/((OR(All_Risk_Apps!$D$4:$D$1233={"High","Very High"}))*(All_Risk_Apps!$K$4:$K$1233="No")*(All_Risk_Apps!$A$4:$A$1233<>"")),3)),"") | D6: =IFERROR(INDEX(All_Risk_Apps!$C$4:$C$1233,_xludf.aggregate(15,6,(ROW(All_Risk_Apps!$A$4:$A$1233)-ROW(All_Risk_Apps!$A$4)+1)/((OR(All_Risk_Apps!$D$4:$D$1233={"High","Very High"}))*(All_Risk_Apps!$K$4:$K$1233="No")*(All_Risk_Apps!$A$4:$A$1233<>"")),3)),"") | E6: =IFERROR(INDEX(All_Risk_Apps!$E$4:$E$1233,_xludf.aggregate(15,6,(ROW(All_Risk_Apps!$A$4:$A$1233)-ROW(All_Risk_Apps!$A$4)+1)/((OR(All_Risk_Apps!$D$4:$D$1233={"High","Very High"}))*(All_Risk_Apps!$K$4:$K$1233="No")*(All_Risk_Apps!$A$4:$A$1233<>"")),3)),"") | F6: =IFERROR(INDEX(All_Risk_Apps!$F$4:$F$1233,_xludf.aggregate(15,6,(ROW(All_Risk_Apps!$A$4:$A$1233)-ROW(All_Risk_Apps!$A$4)+1)/((OR(All_Risk_Apps!$D$4:$D$1233={"High","Very High"}))*(All_Risk_Apps!$K$4:$K$1233="No")*(All_Risk_Apps!$A$4:$A$1233<>"")),3)),"") | G6: =IFERROR(INDEX(All_Risk_Apps!$I$4:$I$1233,_xludf.aggregate(15,6,(ROW(All_Risk_Apps!$A$4:$A$1233)-ROW(All_Risk_Apps!$A$4)+1)/((OR(All_Risk_Apps!$D$4:$D$1233={"High","Very High"}))*(All_Risk_Apps!$K$4:$K$1233="No")*(All_Risk_Apps!$A$4:$A$1233<>"")),3)),"") | H6: =IF(B6="","",IFERROR(INDEX(Server_Inventory!$R:$R,MATCH(B6,Server_Inventory!$Z:$Z,0)),"Not Found")) | I6: =IF(B6="","",IFERROR(INDEX(Server_Inventory!$S:$S,MATCH(B6,Server_Inventory!$Z:$Z,0)),"Not Found")) | J6: =IF(B6="","",COUNTIFS(Server_Inventory!$Z:$Z,B6,Server_Inventory!$P:$P,"R-RETIRED_IN_CMDB")) | K6: =IF(B6="","",IFERROR(INDEX(Container_Inventory!$F:$F,MATCH(B6,Container_Inventory!$L:$L,0)),"Not Found")) | L6: =IF(B6="","",IF(COUNTIF(Finding_List!$A:$A,B6)>0,"Yes","No")) | M6: =IF(B6="","",COUNTIF(Server_Inventory!$Z:$Z,B6)) | N6: =IF(B6="","",COUNTIF(Container_Inventory!$L:$L,B6))
A7: =IFERROR(INDEX(All_Risk_Apps!$A$4:$A$1233,_xludf.aggregate(15,6,(ROW(All_Risk_Apps!$A$4:$A$1233)-ROW(All_Risk_Apps!$A$4)+1)/((OR(All_Risk_Apps!$D$4:$D$1233={"High","Very High"}))*(All_Risk_Apps!$K$4:$K$1233="No")*(All_Risk_Apps!$A$4:$A$1233<>"")),4)),"") | B7: =IFERROR(INDEX(All_Risk_Apps!$B$4:$B$1233,_xludf.aggregate(15,6,(ROW(All_Risk_Apps!$A$4:$A$1233)-ROW(All_Risk_Apps!$A$4)+1)/((OR(All_Risk_Apps!$D$4:$D$1233={"High","Very High"}))*(All_Risk_Apps!$K$4:$K$1233="No")*(All_Risk_Apps!$A$4:$A$1233<>"")),4)),"") | C7: =IFERROR(INDEX(All_Risk_Apps!$D$4:$D$1233,_xludf.aggregate(15,6,(ROW(All_Risk_Apps!$A$4:$A$1233)-ROW(All_Risk_Apps!$A$4)+1)/((OR(All_Risk_Apps!$D$4:$D$1233={"High","Very High"}))*(All_Risk_Apps!$K$4:$K$1233="No")*(All_Risk_Apps!$A$4:$A$1233<>"")),4)),"") | D7: =IFERROR(INDEX(All_Risk_Apps!$C$4:$C$1233,_xludf.aggregate(15,6,(ROW(All_Risk_Apps!$A$4:$A$1233)-ROW(All_Risk_Apps!$A$4)+1)/((OR(All_Risk_Apps!$D$4:$D$1233={"High","Very High"}))*(All_Risk_Apps!$K$4:$K$1233="No")*(All_Risk_Apps!$A$4:$A$1233<>"")),4)),"") | E7: =IFERROR(INDEX(All_Risk_Apps!$E$4:$E$1233,_xludf.aggregate(15,6,(ROW(All_Risk_Apps!$A$4:$A$1233)-ROW(All_Risk_Apps!$A$4)+1)/((OR(All_Risk_Apps!$D$4:$D$1233={"High","Very High"}))*(All_Risk_Apps!$K$4:$K$1233="No")*(All_Risk_Apps!$A$4:$A$1233<>"")),4)),"") | F7: =IFERROR(INDEX(All_Risk_Apps!$F$4:$F$1233,_xludf.aggregate(15,6,(ROW(All_Risk_Apps!$A$4:$A$1233)-ROW(All_Risk_Apps!$A$4)+1)/((OR(All_Risk_Apps!$D$4:$D$1233={"High","Very High"}))*(All_Risk_Apps!$K$4:$K$1233="No")*(All_Risk_Apps!$A$4:$A$1233<>"")),4)),"") | G7: =IFERROR(INDEX(All_Risk_Apps!$I$4:$I$1233,_xludf.aggregate(15,6,(ROW(All_Risk_Apps!$A$4:$A$1233)-ROW(All_Risk_Apps!$A$4)+1)/((OR(All_Risk_Apps!$D$4:$D$1233={"High","Very High"}))*(All_Risk_Apps!$K$4:$K$1233="No")*(All_Risk_Apps!$A$4:$A$1233<>"")),4)),"") | H7: =IF(B7="","",IFERROR(INDEX(Server_Inventory!$R:$R,MATCH(B7,Server_Inventory!$Z:$Z,0)),"Not Found")) | I7: =IF(B7="","",IFERROR(INDEX(Server_Inventory!$S:$S,MATCH(B7,Server_Inventory!$Z:$Z,0)),"Not Found")) | J7: =IF(B7="","",COUNTIFS(Server_Inventory!$Z:$Z,B7,Server_Inventory!$P:$P,"R-RETIRED_IN_CMDB")) | K7: =IF(B7="","",IFERROR(INDEX(Container_Inventory!$F:$F,MATCH(B7,Container_Inventory!$L:$L,0)),"Not Found")) | L7: =IF(B7="","",IF(COUNTIF(Finding_List!$A:$A,B7)>0,"Yes","No")) | M7: =IF(B7="","",COUNTIF(Server_Inventory!$Z:$Z,B7)) | N7: =IF(B7="","",COUNTIF(Container_Inventory!$L:$L,B7))
A8: =IFERROR(INDEX(All_Risk_Apps!$A$4:$A$1233,_xludf.aggregate(15,6,(ROW(All_Risk_Apps!$A$4:$A$1233)-ROW(All_Risk_Apps!$A$4)+1)/((OR(All_Risk_Apps!$D$4:$D$1233={"High","Very High"}))*(All_Risk_Apps!$K$4:$K$1233="No")*(All_Risk_Apps!$A$4:$A$1233<>"")),5)),"") | B8: =IFERROR(INDEX(All_Risk_Apps!$B$4:$B$1233,_xludf.aggregate(15,6,(ROW(All_Risk_Apps!$A$4:$A$1233)-ROW(All_Risk_Apps!$A$4)+1)/((OR(All_Risk_Apps!$D$4:$D$1233={"High","Very High"}))*(All_Risk_Apps!$K$4:$K$1233="No")*(All_Risk_Apps!$A$4:$A$1233<>"")),5)),"") | C8: =IFERROR(INDEX(All_Risk_Apps!$D$4:$D$1233,_xludf.aggregate(15,6,(ROW(All_Risk_Apps!$A$4:$A$1233)-ROW(All_Risk_Apps!$A$4)+1)/((OR(All_Risk_Apps!$D$4:$D$1233={"High","Very High"}))*(All_Risk_Apps!$K$4:$K$1233="No")*(All_Risk_Apps!$A$4:$A$1233<>"")),5)),"") | D8: =IFERROR(INDEX(All_Risk_Apps!$C$4:$C$1233,_xludf.aggregate(15,6,(ROW(All_Risk_Apps!$A$4:$A$1233)-ROW(All_Risk_Apps!$A$4)+1)/((OR(All_Risk_Apps!$D$4:$D$1233={"High","Very High"}))*(All_Risk_Apps!$K$4:$K$1233="No")*(All_Risk_Apps!$A$4:$A$1233<>"")),5)),"") | E8: =IFERROR(INDEX(All_Risk_Apps!$E$4:$E$1233,_xludf.aggregate(15,6,(ROW(All_Risk_Apps!$A$4:$A$1233)-ROW(All_Risk_Apps!$A$4)+1)/((OR(All_Risk_Apps!$D$4:$D$1233={"High","Very High"}))*(All_Risk_Apps!$K$4:$K$1233="No")*(All_Risk_Apps!$A$4:$A$1233<>"")),5)),"") | F8: =IFERROR(INDEX(All_Risk_Apps!$F$4:$F$1233,_xludf.aggregate(15,6,(ROW(All_Risk_Apps!$A$4:$A$1233)-ROW(All_Risk_Apps!$A$4)+1)/((OR(All_Risk_Apps!$D$4:$D$1233={"High","Very High"}))*(All_Risk_Apps!$K$4:$K$1233="No")*(All_Risk_Apps!$A$4:$A$1233<>"")),5)),"") | G8: =IFERROR(INDEX(All_Risk_Apps!$I$4:$I$1233,_xludf.aggregate(15,6,(ROW(All_Risk_Apps!$A$4:$A$1233)-ROW(All_Risk_Apps!$A$4)+1)/((OR(All_Risk_Apps!$D$4:$D$1233={"High","Very High"}))*(All_Risk_Apps!$K$4:$K$1233="No")*(All_Risk_Apps!$A$4:$A$1233<>"")),5)),"") | H8: =IF(B8="","",IFERROR(INDEX(Server_Inventory!$R:$R,MATCH(B8,Server_Inventory!$Z:$Z,0)),"Not Found")) | I8: =IF(B8="","",IFERROR(INDEX(Server_Inventory!$S:$S,MATCH(B8,Server_Inventory!$Z:$Z,0)),"Not Found")) | J8: =IF(B8="","",COUNTIFS(Server_Inventory!$Z:$Z,B8,Server_Inventory!$P:$P,"R-RETIRED_IN_CMDB")) | K8: =IF(B8="","",IFERROR(INDEX(Container_Inventory!$F:$F,MATCH(B8,Container_Inventory!$L:$L,0)),"Not Found")) | L8: =IF(B8="","",IF(COUNTIF(Finding_List!$A:$A,B8)>0,"Yes","No")) | M8: =IF(B8="","",COUNTIF(Server_Inventory!$Z:$Z,B8)) | N8: =IF(B8="","",COUNTIF(Container_Inventory!$L:$L,B8))
A9: =IFERROR(INDEX(All_Risk_Apps!$A$4:$A$1233,_xludf.aggregate(15,6,(ROW(All_Risk_Apps!$A$4:$A$1233)-ROW(All_Risk_Apps!$A$4)+1)/((OR(All_Risk_Apps!$D$4:$D$1233={"High","Very High"}))*(All_Risk_Apps!$K$4:$K$1233="No")*(All_Risk_Apps!$A$4:$A$1233<>"")),6)),"") | B9: =IFERROR(INDEX(All_Risk_Apps!$B$4:$B$1233,_xludf.aggregate(15,6,(ROW(All_Risk_Apps!$A$4:$A$1233)-ROW(All_Risk_Apps!$A$4)+1)/((OR(All_Risk_Apps!$D$4:$D$1233={"High","Very High"}))*(All_Risk_Apps!$K$4:$K$1233="No")*(All_Risk_Apps!$A$4:$A$1233<>"")),6)),"") | C9: =IFERROR(INDEX(All_Risk_Apps!$D$4:$D$1233,_xludf.aggregate(15,6,(ROW(All_Risk_Apps!$A$4:$A$1233)-ROW(All_Risk_Apps!$A$4)+1)/((OR(All_Risk_Apps!$D$4:$D$1233={"High","Very High"}))*(All_Risk_Apps!$K$4:$K$1233="No")*(All_Risk_Apps!$A$4:$A$1233<>"")),6)),"") | D9: =IFERROR(INDEX(All_Risk_Apps!$C$4:$C$1233,_xludf.aggregate(15,6,(ROW(All_Risk_Apps!$A$4:$A$1233)-ROW(All_Risk_Apps!$A$4)+1)/((OR(All_Risk_Apps!$D$4:$D$1233={"High","Very High"}))*(All_Risk_Apps!$K$4:$K$1233="No")*(All_Risk_Apps!$A$4:$A$1233<>"")),6)),"") | E9: =IFERROR(INDEX(All_Risk_Apps!$E$4:$E$1233,_xludf.aggregate(15,6,(ROW(All_Risk_Apps!$A$4:$A$1233)-ROW(All_Risk_Apps!$A$4)+1)/((OR(All_Risk_Apps!$D$4:$D$1233={"High","Very High"}))*(All_Risk_Apps!$K$4:$K$1233="No")*(All_Risk_Apps!$A$4:$A$1233<>"")),6)),"") | F9: =IFERROR(INDEX(All_Risk_Apps!$F$4:$F$1233,_xludf.aggregate(15,6,(ROW(All_Risk_Apps!$A$4:$A$1233)-ROW(All_Risk_Apps!$A$4)+1)/((OR(All_Risk_Apps!$D$4:$D$1233={"High","Very High"}))*(All_Risk_Apps!$K$4:$K$1233="No")*(All_Risk_Apps!$A$4:$A$1233<>"")),6)),"") | G9: =IFERROR(INDEX(All_Risk_Apps!$I$4:$I$1233,_xludf.aggregate(15,6,(ROW(All_Risk_Apps!$A$4:$A$1233)-ROW(All_Risk_Apps!$A$4)+1)/((OR(All_Risk_Apps!$D$4:$D$1233={"High","Very High"}))*(All_Risk_Apps!$K$4:$K$1233="No")*(All_Risk_Apps!$A$4:$A$1233<>"")),6)),"") | H9: =IF(B9="","",IFERROR(INDEX(Server_Inventory!$R:$R,MATCH(B9,Server_Inventory!$Z:$Z,0)),"Not Found")) | I9: =IF(B9="","",IFERROR(INDEX(Server_Inventory!$S:$S,MATCH(B9,Server_Inventory!$Z:$Z,0)),"Not Found")) | J9: =IF(B9="","",COUNTIFS(Server_Inventory!$Z:$Z,B9,Server_Inventory!$P:$P,"R-RETIRED_IN_CMDB")) | K9: =IF(B9="","",IFERROR(INDEX(Container_Inventory!$F:$F,MATCH(B9,Container_Inventory!$L:$L,0)),"Not Found")) | L9: =IF(B9="","",IF(COUNTIF(Finding_List!$A:$A,B9)>0,"Yes","No")) | M9: =IF(B9="","",COUNTIF(Server_Inventory!$Z:$Z,B9)) | N9: =IF(B9="","",COUNTIF(Container_Inventory!$L:$L,B9))
A10: =IFERROR(INDEX(All_Risk_Apps!$A$4:$A$1233,_xludf.aggregate(15,6,(ROW(All_Risk_Apps!$A$4:$A$1233)-ROW(All_Risk_Apps!$A$4)+1)/((OR(All_Risk_Apps!$D$4:$D$1233={"High","Very High"}))*(All_Risk_Apps!$K$4:$K$1233="No")*(All_Risk_Apps!$A$4:$A$1233<>"")),7)),"") | B10: =IFERROR(INDEX(All_Risk_Apps!$B$4:$B$1233,_xludf.aggregate(15,6,(ROW(All_Risk_Apps!$A$4:$A$1233)-ROW(All_Risk_Apps!$A$4)+1)/((OR(All_Risk_Apps!$D$4:$D$1233={"High","Very High"}))*(All_Risk_Apps!$K$4:$K$1233="No")*(All_Risk_Apps!$A$4:$A$1233<>"")),7)),"") | C10: =IFERROR(INDEX(All_Risk_Apps!$D$4:$D$1233,_xludf.aggregate(15,6,(ROW(All_Risk_Apps!$A$4:$A$1233)-ROW(All_Risk_Apps!$A$4)+1)/((OR(All_Risk_Apps!$D$4:$D$1233={"High","Very High"}))*(All_Risk_Apps!$K$4:$K$1233="No")*(All_Risk_Apps!$A$4:$A$1233<>"")),7)),"") | D10: =IFERROR(INDEX(All_Risk_Apps!$C$4:$C$1233,_xludf.aggregate(15,6,(ROW(All_Risk_Apps!$A$4:$A$1233)-ROW(All_Risk_Apps!$A$4)+1)/((OR(All_Risk_Apps!$D$4:$D$1233={"High","Very High"}))*(All_Risk_Apps!$K$4:$K$1233="No")*(All_Risk_Apps!$A$4:$A$1233<>"")),7)),"") | E10: =IFERROR(INDEX(All_Risk_Apps!$E$4:$E$1233,_xludf.aggregate(15,6,(ROW(All_Risk_Apps!$A$4:$A$1233)-ROW(All_Risk_Apps!$A$4)+1)/((OR(All_Risk_Apps!$D$4:$D$1233={"High","Very High"}))*(All_Risk_Apps!$K$4:$K$1233="No")*(All_Risk_Apps!$A$4:$A$1233<>"")),7)),"") | F10: =IFERROR(INDEX(All_Risk_Apps!$F$4:$F$1233,_xludf.aggregate(15,6,(ROW(All_Risk_Apps!$A$4:$A$1233)-ROW(All_Risk_Apps!$A$4)+1)/((OR(All_Risk_Apps!$D$4:$D$1233={"High","Very High"}))*(All_Risk_Apps!$K$4:$K$1233="No")*(All_Risk_Apps!$A$4:$A$1233<>"")),7)),"") | G10: =IFERROR(INDEX(All_Risk_Apps!$I$4:$I$1233,_xludf.aggregate(15,6,(ROW(All_Risk_Apps!$A$4:$A$1233)-ROW(All_Risk_Apps!$A$4)+1)/((OR(All_Risk_Apps!$D$4:$D$1233={"High","Very High"}))*(All_Risk_Apps!$K$4:$K$1233="No")*(All_Risk_Apps!$A$4:$A$1233<>"")),7)),"") | H10: =IF(B10="","",IFERROR(INDEX(Server_Inventory!$R:$R,MATCH(B10,Server_Inventory!$Z:$Z,0)),"Not Found")) | I10: =IF(B10="","",IFERROR(INDEX(Server_Inventory!$S:$S,MATCH(B10,Server_Inventory!$Z:$Z,0)),"Not Found")) | J10: =IF(B10="","",COUNTIFS(Server_Inventory!$Z:$Z,B10,Server_Inventory!$P:$P,"R-RETIRED_IN_CMDB")) | K10: =IF(B10="","",IFERROR(INDEX(Container_Inventory!$F:$F,MATCH(B10,Container_Inventory!$L:$L,0)),"Not Found")) | L10: =IF(B10="","",IF(COUNTIF(Finding_List!$A:$A,B10)>0,"Yes","No")) | M10: =IF(B10="","",COUNTIF(Server_Inventory!$Z:$Z,B10)) | N10: =IF(B10="","",COUNTIF(Container_Inventory!$L:$L,B10))
A11: =IFERROR(INDEX(All_Risk_Apps!$A$4:$A$1233,_xludf.aggregate(15,6,(ROW(All_Risk_Apps!$A$4:$A$1233)-ROW(All_Risk_Apps!$A$4)+1)/((OR(All_Risk_Apps!$D$4:$D$1233={"High","Very High"}))*(All_Risk_Apps!$K$4:$K$1233="No")*(All_Risk_Apps!$A$4:$A$1233<>"")),8)),"") | B11: =IFERROR(INDEX(All_Risk_Apps!$B$4:$B$1233,_xludf.aggregate(15,6,(ROW(All_Risk_Apps!$A$4:$A$1233)-ROW(All_Risk_Apps!$A$4)+1)/((OR(All_Risk_Apps!$D$4:$D$1233={"High","Very High"}))*(All_Risk_Apps!$K$4:$K$1233="No")*(All_Risk_Apps!$A$4:$A$1233<>"")),8)),"") | C11: =IFERROR(INDEX(All_Risk_Apps!$D$4:$D$1233,_xludf.aggregate(15,6,(ROW(All_Risk_Apps!$A$4:$A$1233)-ROW(All_Risk_Apps!$A$4)+1)/((OR(All_Risk_Apps!$D$4:$D$1233={"High","Very High"}))*(All_Risk_Apps!$K$4:$K$1233="No")*(All_Risk_Apps!$A$4:$A$1233<>"")),8)),"") | D11: =IFERROR(INDEX(All_Risk_Apps!$C$4:$C$1233,_xludf.aggregate(15,6,(ROW(All_Risk_Apps!$A$4:$A$1233)-ROW(All_Risk_Apps!$A$4)+1)/((OR(All_Risk_Apps!$D$4:$D$1233={"High","Very High"}))*(All_Risk_Apps!$K$4:$K$1233="No")*(All_Risk_Apps!$A$4:$A$1233<>"")),8)),"") | E11: =IFERROR(INDEX(All_Risk_Apps!$E$4:$E$1233,_xludf.aggregate(15,6,(ROW(All_Risk_Apps!$A$4:$A$1233)-ROW(All_Risk_Apps!$A$4)+1)/((OR(All_Risk_Apps!$D$4:$D$1233={"High","Very High"}))*(All_Risk_Apps!$K$4:$K$1233="No")*(All_Risk_Apps!$A$4:$A$1233<>"")),8)),"") | F11: =IFERROR(INDEX(All_Risk_Apps!$F$4:$F$1233,_xludf.aggregate(15,6,(ROW(All_Risk_Apps!$A$4:$A$1233)-ROW(All_Risk_Apps!$A$4)+1)/((OR(All_Risk_Apps!$D$4:$D$1233={"High","Very High"}))*(All_Risk_Apps!$K$4:$K$1233="No")*(All_Risk_Apps!$A$4:$A$1233<>"")),8)),"") | G11: =IFERROR(INDEX(All_Risk_Apps!$I$4:$I$1233,_xludf.aggregate(15,6,(ROW(All_Risk_Apps!$A$4:$A$1233)-ROW(All_Risk_Apps!$A$4)+1)/((OR(All_Risk_Apps!$D$4:$D$1233={"High","Very High"}))*(All_Risk_Apps!$K$4:$K$1233="No")*(All_Risk_Apps!$A$4:$A$1233<>"")),8)),"") | H11: =IF(B11="","",IFERROR(INDEX(Server_Inventory!$R:$R,MATCH(B11,Server_Inventory!$Z:$Z,0)),"Not Found")) | I11: =IF(B11="","",IFERROR(INDEX(Server_Inventory!$S:$S,MATCH(B11,Server_Inventory!$Z:$Z,0)),"Not Found")) | J11: =IF(B11="","",COUNTIFS(Server_Inventory!$Z:$Z,B11,Server_Inventory!$P:$P,"R-RETIRED_IN_CMDB")) | K11: =IF(B11="","",IFERROR(INDEX(Container_Inventory!$F:$F,MATCH(B11,Container_Inventory!$L:$L,0)),"Not Found")) | L11: =IF(B11="","",IF(COUNTIF(Finding_List!$A:$A,B11)>0,"Yes","No")) | M11: =IF(B11="","",COUNTIF(Server_Inventory!$Z:$Z,B11)) | N11: =IF(B11="","",COUNTIF(Container_Inventory!$L:$L,B11))
A12: =IFERROR(INDEX(All_Risk_Apps!$A$4:$A$1233,_xludf.aggregate(15,6,(ROW(All_Risk_Apps!$A$4:$A$1233)-ROW(All_Risk_Apps!$A$4)+1)/((OR(All_Risk_Apps!$D$4:$D$1233={"High","Very High"}))*(All_Risk_Apps!$K$4:$K$1233="No")*(All_Risk_Apps!$A$4:$A$1233<>"")),9)),"") | B12: =IFERROR(INDEX(All_Risk_Apps!$B$4:$B$1233,_xludf.aggregate(15,6,(ROW(All_Risk_Apps!$A$4:$A$1233)-ROW(All_Risk_Apps!$A$4)+1)/((OR(All_Risk_Apps!$D$4:$D$1233={"High","Very High"}))*(All_Risk_Apps!$K$4:$K$1233="No")*(All_Risk_Apps!$A$4:$A$1233<>"")),9)),"") | C12: =IFERROR(INDEX(All_Risk_Apps!$D$4:$D$1233,_xludf.aggregate(15,6,(ROW(All_Risk_Apps!$A$4:$A$1233)-ROW(All_Risk_Apps!$A$4)+1)/((OR(All_Risk_Apps!$D$4:$D$1233={"High","Very High"}))*(All_Risk_Apps!$K$4:$K$1233="No")*(All_Risk_Apps!$A$4:$A$1233<>"")),9)),"") | D12: =IFERROR(INDEX(All_Risk_Apps!$C$4:$C$1233,_xludf.aggregate(15,6,(ROW(All_Risk_Apps!$A$4:$A$1233)-ROW(All_Risk_Apps!$A$4)+1)/((OR(All_Risk_Apps!$D$4:$D$1233={"High","Very High"}))*(All_Risk_Apps!$K$4:$K$1233="No")*(All_Risk_Apps!$A$4:$A$1233<>"")),9)),"") | E12: =IFERROR(INDEX(All_Risk_Apps!$E$4:$E$1233,_xludf.aggregate(15,6,(ROW(All_Risk_Apps!$A$4:$A$1233)-ROW(All_Risk_Apps!$A$4)+1)/((OR(All_Risk_Apps!$D$4:$D$1233={"High","Very High"}))*(All_Risk_Apps!$K$4:$K$1233="No")*(All_Risk_Apps!$A$4:$A$1233<>"")),9)),"") | F12: =IFERROR(INDEX(All_Risk_Apps!$F$4:$F$1233,_xludf.aggregate(15,6,(ROW(All_Risk_Apps!$A$4:$A$1233)-ROW(All_Risk_Apps!$A$4)+1)/((OR(All_Risk_Apps!$D$4:$D$1233={"High","Very High"}))*(All_Risk_Apps!$K$4:$K$1233="No")*(All_Risk_Apps!$A$4:$A$1233<>"")),9)),"") | G12: =IFERROR(INDEX(All_Risk_Apps!$I$4:$I$1233,_xludf.aggregate(15,6,(ROW(All_Risk_Apps!$A$4:$A$1233)-ROW(All_Risk_Apps!$A$4)+1)/((OR(All_Risk_Apps!$D$4:$D$1233={"High","Very High"}))*(All_Risk_Apps!$K$4:$K$1233="No")*(All_Risk_Apps!$A$4:$A$1233<>"")),9)),"") | H12: =IF(B12="","",IFERROR(INDEX(Server_Inventory!$R:$R,MATCH(B12,Server_Inventory!$Z:$Z,0)),"Not Found")) | I12: =IF(B12="","",IFERROR(INDEX(Server_Inventory!$S:$S,MATCH(B12,Server_Inventory!$Z:$Z,0)),"Not Found")) | J12: =IF(B12="","",COUNTIFS(Server_Inventory!$Z:$Z,B12,Server_Inventory!$P:$P,"R-RETIRED_IN_CMDB")) | K12: =IF(B12="","",IFERROR(INDEX(Container_Inventory!$F:$F,MATCH(B12,Container_Inventory!$L:$L,0)),"Not Found")) | L12: =IF(B12="","",IF(COUNTIF(Finding_List!$A:$A,B12)>0,"Yes","No")) | M12: =IF(B12="","",COUNTIF(Server_Inventory!$Z:$Z,B12)) | N12: =IF(B12="","",COUNTIF(Container_Inventory!$L:$L,B12))
A13: =IFERROR(INDEX(All_Risk_Apps!$A$4:$A$1233,_xludf.aggregate(15,6,(ROW(All_Risk_Apps!$A$4:$A$1233)-ROW(All_Risk_Apps!$A$4)+1)/((OR(All_Risk_Apps!$D$4:$D$1233={"High","Very High"}))*(All_Risk_Apps!$K$4:$K$1233="No")*(All_Risk_Apps!$A$4:$A$1233<>"")),10)),"") | B13: =IFERROR(INDEX(All_Risk_Apps!$B$4:$B$1233,_xludf.aggregate(15,6,(ROW(All_Risk_Apps!$A$4:$A$1233)-ROW(All_Risk_Apps!$A$4)+1)/((OR(All_Risk_Apps!$D$4:$D$1233={"High","Very High"}))*(All_Risk_Apps!$K$4:$K$1233="No")*(All_Risk_Apps!$A$4:$A$1233<>"")),10)),"") | C13: =IFERROR(INDEX(All_Risk_Apps!$D$4:$D$1233,_xludf.aggregate(15,6,(ROW(All_Risk_Apps!$A$4:$A$1233)-ROW(All_Risk_Apps!$A$4)+1)/((OR(All_Risk_Apps!$D$4:$D$1233={"High","Very High"}))*(All_Risk_Apps!$K$4:$K$1233="No")*(All_Risk_Apps!$A$4:$A$1233<>"")),10)),"") | D13: =IFERROR(INDEX(All_Risk_Apps!$C$4:$C$1233,_xludf.aggregate(15,6,(ROW(All_Risk_Apps!$A$4:$A$1233)-ROW(All_Risk_Apps!$A$4)+1)/((OR(All_Risk_Apps!$D$4:$D$1233={"High","Very High"}))*(All_Risk_Apps!$K$4:$K$1233="No")*(All_Risk_Apps!$A$4:$A$1233<>"")),10)),"") | E13: =IFERROR(INDEX(All_Risk_Apps!$E$4:$E$1233,_xludf.aggregate(15,6,(ROW(All_Risk_Apps!$A$4:$A$1233)-ROW(All_Risk_Apps!$A$4)+1)/((OR(All_Risk_Apps!$D$4:$D$1233={"High","Very High"}))*(All_Risk_Apps!$K$4:$K$1233="No")*(All_Risk_Apps!$A$4:$A$1233<>"")),10)),"") | F13: =IFERROR(INDEX(All_Risk_Apps!$F$4:$F$1233,_xludf.aggregate(15,6,(ROW(All_Risk_Apps!$A$4:$A$1233)-ROW(All_Risk_Apps!$A$4)+1)/((OR(All_Risk_Apps!$D$4:$D$1233={"High","Very High"}))*(All_Risk_Apps!$K$4:$K$1233="No")*(All_Risk_Apps!$A$4:$A$1233<>"")),10)),"") | G13: =IFERROR(INDEX(All_Risk_Apps!$I$4:$I$1233,_xludf.aggregate(15,6,(ROW(All_Risk_Apps!$A$4:$A$1233)-ROW(All_Risk_Apps!$A$4)+1)/((OR(All_Risk_Apps!$D$4:$D$1233={"High","Very High"}))*(All_Risk_Apps!$K$4:$K$1233="No")*(All_Risk_Apps!$A$4:$A$1233<>"")),10)),"") | H13: =IF(B13="","",IFERROR(INDEX(Server_Inventory!$R:$R,MATCH(B13,Server_Inventory!$Z:$Z,0)),"Not Found")) | I13: =IF(B13="","",IFERROR(INDEX(Server_Inventory!$S:$S,MATCH(B13,Server_Inventory!$Z:$Z,0)),"Not Found")) | J13: =IF(B13="","",COUNTIFS(Server_Inventory!$Z:$Z,B13,Server_Inventory!$P:$P,"R-RETIRED_IN_CMDB")) | K13: =IF(B13="","",IFERROR(INDEX(Container_Inventory!$F:$F,MATCH(B13,Container_Inventory!$L:$L,0)),"Not Found")) | L13: =IF(B13="","",IF(COUNTIF(Finding_List!$A:$A,B13)>0,"Yes","No")) | M13: =IF(B13="","",COUNTIF(Server_Inventory!$Z:$Z,B13)) | N13: =IF(B13="","",COUNTIF(Container_Inventory!$L:$L,B13))
A14: =IFERROR(INDEX(All_Risk_Apps!$A$4:$A$1233,_xludf.aggregate(15,6,(ROW(All_Risk_Apps!$A$4:$A$1233)-ROW(All_Risk_Apps!$A$4)+1)/((OR(All_Risk_Apps!$D$4:$D$1233={"High","Very High"}))*(All_Risk_Apps!$K$4:$K$1233="No")*(All_Risk_Apps!$A$4:$A$1233<>"")),11)),"") | B14: =IFERROR(INDEX(All_Risk_Apps!$B$4:$B$1233,_xludf.aggregate(15,6,(ROW(All_Risk_Apps!$A$4:$A$1233)-ROW(All_Risk_Apps!$A$4)+1)/((OR(All_Risk_Apps!$D$4:$D$1233={"High","Very High"}))*(All_Risk_Apps!$K$4:$K$1233="No")*(All_Risk_Apps!$A$4:$A$1233<>"")),11)),"") | C14: =IFERROR(INDEX(All_Risk_Apps!$D$4:$D$1233,_xludf.aggregate(15,6,(ROW(All_Risk_Apps!$A$4:$A$1233)-ROW(All_Risk_Apps!$A$4)+1)/((OR(All_Risk_Apps!$D$4:$D$1233={"High","Very High"}))*(All_Risk_Apps!$K$4:$K$1233="No")*(All_Risk_Apps!$A$4:$A$1233<>"")),11)),"") | D14: =IFERROR(INDEX(All_Risk_Apps!$C$4:$C$1233,_xludf.aggregate(15,6,(ROW(All_Risk_Apps!$A$4:$A$1233)-ROW(All_Risk_Apps!$A$4)+1)/((OR(All_Risk_Apps!$D$4:$D$1233={"High","Very High"}))*(All_Risk_Apps!$K$4:$K$1233="No")*(All_Risk_Apps!$A$4:$A$1233<>"")),11)),"") | E14: =IFERROR(INDEX(All_Risk_Apps!$E$4:$E$1233,_xludf.aggregate(15,6,(ROW(All_Risk_Apps!$A$4:$A$1233)-ROW(All_Risk_Apps!$A$4)+1)/((OR(All_Risk_Apps!$D$4:$D$1233={"High","Very High"}))*(All_Risk_Apps!$K$4:$K$1233="No")*(All_Risk_Apps!$A$4:$A$1233<>"")),11)),"") | F14: =IFERROR(INDEX(All_Risk_Apps!$F$4:$F$1233,_xludf.aggregate(15,6,(ROW(All_Risk_Apps!$A$4:$A$1233)-ROW(All_Risk_Apps!$A$4)+1)/((OR(All_Risk_Apps!$D$4:$D$1233={"High","Very High"}))*(All_Risk_Apps!$K$4:$K$1233="No")*(All_Risk_Apps!$A$4:$A$1233<>"")),11)),"") | G14: =IFERROR(INDEX(All_Risk_Apps!$I$4:$I$1233,_xludf.aggregate(15,6,(ROW(All_Risk_Apps!$A$4:$A$1233)-ROW(All_Risk_Apps!$A$4)+1)/((OR(All_Risk_Apps!$D$4:$D$1233={"High","Very High"}))*(All_Risk_Apps!$K$4:$K$1233="No")*(All_Risk_Apps!$A$4:$A$1233<>"")),11)),"") | H14: =IF(B14="","",IFERROR(INDEX(Server_Inventory!$R:$R,MATCH(B14,Server_Inventory!$Z:$Z,0)),"Not Found")) | I14: =IF(B14="","",IFERROR(INDEX(Server_Inventory!$S:$S,MATCH(B14,Server_Inventory!$Z:$Z,0)),"Not Found")) | J14: =IF(B14="","",COUNTIFS(Server_Inventory!$Z:$Z,B14,Server_Inventory!$P:$P,"R-RETIRED_IN_CMDB")) | K14: =IF(B14="","",IFERROR(INDEX(Container_Inventory!$F:$F,MATCH(B14,Container_Inventory!$L:$L,0)),"Not Found")) | L14: =IF(B14="","",IF(COUNTIF(Finding_List!$A:$A,B14)>0,"Yes","No")) | M14: =IF(B14="","",COUNTIF(Server_Inventory!$Z:$Z,B14)) | N14: =IF(B14="","",COUNTIF(Container_Inventory!$L:$L,B14))
A15: =IFERROR(INDEX(All_Risk_Apps!$A$4:$A$1233,_xludf.aggregate(15,6,(ROW(All_Risk_Apps!$A$4:$A$1233)-ROW(All_Risk_Apps!$A$4)+1)/((OR(All_Risk_Apps!$D$4:$D$1233={"High","Very High"}))*(All_Risk_Apps!$K$4:$K$1233="No")*(All_Risk_Apps!$A$4:$A$1233<>"")),12)),"") | B15: =IFERROR(INDEX(All_Risk_Apps!$B$4:$B$1233,_xludf.aggregate(15,6,(ROW(All_Risk_Apps!$A$4:$A$1233)-ROW(All_Risk_Apps!$A$4)+1)/((OR(All_Risk_Apps!$D$4:$D$1233={"High","Very High"}))*(All_Risk_Apps!$K$4:$K$1233="No")*(All_Risk_Apps!$A$4:$A$1233<>"")),12)),"") | C15: =IFERROR(INDEX(All_Risk_Apps!$D$4:$D$1233,_xludf.aggregate(15,6,(ROW(All_Risk_Apps!$A$4:$A$1233)-ROW(All_Risk_Apps!$A$4)+1)/((OR(All_Risk_Apps!$D$4:$D$1233={"High","Very High"}))*(All_Risk_Apps!$K$4:$K$1233="No")*(All_Risk_Apps!$A$4:$A$1233<>"")),12)),"") | D15: =IFERROR(INDEX(All_Risk_Apps!$C$4:$C$1233,_xludf.aggregate(15,6,(ROW(All_Risk_Apps!$A$4:$A$1233)-ROW(All_Risk_Apps!$A$4)+1)/((OR(All_Risk_Apps!$D$4:$D$1233={"High","Very High"}))*(All_Risk_Apps!$K$4:$K$1233="No")*(All_Risk_Apps!$A$4:$A$1233<>"")),12)),"") | E15: =IFERROR(INDEX(All_Risk_Apps!$E$4:$E$1233,_xludf.aggregate(15,6,(ROW(All_Risk_Apps!$A$4:$A$1233)-ROW(All_Risk_Apps!$A$4)+1)/((OR(All_Risk_Apps!$D$4:$D$1233={"High","Very High"}))*(All_Risk_Apps!$K$4:$K$1233="No")*(All_Risk_Apps!$A$4:$A$1233<>"")),12)),"") | F15: =IFERROR(INDEX(All_Risk_Apps!$F$4:$F$1233,_xludf.aggregate(15,6,(ROW(All_Risk_Apps!$A$4:$A$1233)-ROW(All_Risk_Apps!$A$4)+1)/((OR(All_Risk_Apps!$D$4:$D$1233={"High","Very High"}))*(All_Risk_Apps!$K$4:$K$1233="No")*(All_Risk_Apps!$A$4:$A$1233<>"")),12)),"") | G15: =IFERROR(INDEX(All_Risk_Apps!$I$4:$I$1233,_xludf.aggregate(15,6,(ROW(All_Risk_Apps!$A$4:$A$1233)-ROW(All_Risk_Apps!$A$4)+1)/((OR(All_Risk_Apps!$D$4:$D$1233={"High","Very High"}))*(All_Risk_Apps!$K$4:$K$1233="No")*(All_Risk_Apps!$A$4:$A$1233<>"")),12)),"") | H15: =IF(B15="","",IFERROR(INDEX(Server_Inventory!$R:$R,MATCH(B15,Server_Inventory!$Z:$Z,0)),"Not Found")) | I15: =IF(B15="","",IFERROR(INDEX(Server_Inventory!$S:$S,MATCH(B15,Server_Inventory!$Z:$Z,0)),"Not Found")) | J15: =IF(B15="","",COUNTIFS(Server_Inventory!$Z:$Z,B15,Server_Inventory!$P:$P,"R-RETIRED_IN_CMDB")) | K15: =IF(B15="","",IFERROR(INDEX(Container_Inventory!$F:$F,MATCH(B15,Container_Inventory!$L:$L,0)),"Not Found")) | L15: =IF(B15="","",IF(COUNTIF(Finding_List!$A:$A,B15)>0,"Yes","No")) | M15: =IF(B15="","",COUNTIF(Server_Inventory!$Z:$Z,B15)) | N15: =IF(B15="","",COUNTIF(Container_Inventory!$L:$L,B15))
A16: =IFERROR(INDEX(All_Risk_Apps!$A$4:$A$1233,_xludf.aggregate(15,6,(ROW(All_Risk_Apps!$A$4:$A$1233)-ROW(All_Risk_Apps!$A$4)+1)/((OR(All_Risk_Apps!$D$4:$D$1233={"High","Very High"}))*(All_Risk_Apps!$K$4:$K$1233="No")*(All_Risk_Apps!$A$4:$A$1233<>"")),13)),"") | B16: =IFERROR(INDEX(All_Risk_Apps!$B$4:$B$1233,_xludf.aggregate(15,6,(ROW(All_Risk_Apps!$A$4:$A$1233)-ROW(All_Risk_Apps!$A$4)+1)/((OR(All_Risk_Apps!$D$4:$D$1233={"High","Very High"}))*(All_Risk_Apps!$K$4:$K$1233="No")*(All_Risk_Apps!$A$4:$A$1233<>"")),13)),"") | C16: =IFERROR(INDEX(All_Risk_Apps!$D$4:$D$1233,_xludf.aggregate(15,6,(ROW(All_Risk_Apps!$A$4:$A$1233)-ROW(All_Risk_Apps!$A$4)+1)/((OR(All_Risk_Apps!$D$4:$D$1233={"High","Very High"}))*(All_Risk_Apps!$K$4:$K$1233="No")*(All_Risk_Apps!$A$4:$A$1233<>"")),13)),"") | D16: =IFERROR(INDEX(All_Risk_Apps!$C$4:$C$1233,_xludf.aggregate(15,6,(ROW(All_Risk_Apps!$A$4:$A$1233)-ROW(All_Risk_Apps!$A$4)+1)/((OR(All_Risk_Apps!$D$4:$D$1233={"High","Very High"}))*(All_Risk_Apps!$K$4:$K$1233="No")*(All_Risk_Apps!$A$4:$A$1233<>"")),13)),"") | E16: =IFERROR(INDEX(All_Risk_Apps!$E$4:$E$1233,_xludf.aggregate(15,6,(ROW(All_Risk_Apps!$A$4:$A$1233)-ROW(All_Risk_Apps!$A$4)+1)/((OR(All_Risk_Apps!$D$4:$D$1233={"High","Very High"}))*(All_Risk_Apps!$K$4:$K$1233="No")*(All_Risk_Apps!$A$4:$A$1233<>"")),13)),"") | F16: =IFERROR(INDEX(All_Risk_Apps!$F$4:$F$1233,_xludf.aggregate(15,6,(ROW(All_Risk_Apps!$A$4:$A$1233)-ROW(All_Risk_Apps!$A$4)+1)/((OR(All_Risk_Apps!$D$4:$D$1233={"High","Very High"}))*(All_Risk_Apps!$K$4:$K$1233="No")*(All_Risk_Apps!$A$4:$A$1233<>"")),13)),"") | G16: =IFERROR(INDEX(All_Risk_Apps!$I$4:$I$1233,_xludf.aggregate(15,6,(ROW(All_Risk_Apps!$A$4:$A$1233)-ROW(All_Risk_Apps!$A$4)+1)/((OR(All_Risk_Apps!$D$4:$D$1233={"High","Very High"}))*(All_Risk_Apps!$K$4:$K$1233="No")*(All_Risk_Apps!$A$4:$A$1233<>"")),13)),"") | H16: =IF(B16="","",IFERROR(INDEX(Server_Inventory!$R:$R,MATCH(B16,Server_Inventory!$Z:$Z,0)),"Not Found")) | I16: =IF(B16="","",IFERROR(INDEX(Server_Inventory!$S:$S,MATCH(B16,Server_Inventory!$Z:$Z,0)),"Not Found")) | J16: =IF(B16="","",COUNTIFS(Server_Inventory!$Z:$Z,B16,Server_Inventory!$P:$P,"R-RETIRED_IN_CMDB")) | K16: =IF(B16="","",IFERROR(INDEX(Container_Inventory!$F:$F,MATCH(B16,Container_Inventory!$L:$L,0)),"Not Found")) | L16: =IF(B16="","",IF(COUNTIF(Finding_List!$A:$A,B16)>0,"Yes","No")) | M16: =IF(B16="","",COUNTIF(Server_Inventory!$Z:$Z,B16)) | N16: =IF(B16="","",COUNTIF(Container_Inventory!$L:$L,B16))
A17: =IFERROR(INDEX(All_Risk_Apps!$A$4:$A$1233,_xludf.aggregate(15,6,(ROW(All_Risk_Apps!$A$4:$A$1233)-ROW(All_Risk_Apps!$A$4)+1)/((OR(All_Risk_Apps!$D$4:$D$1233={"High","Very High"}))*(All_Risk_Apps!$K$4:$K$1233="No")*(All_Risk_Apps!$A$4:$A$1233<>"")),14)),"") | B17: =IFERROR(INDEX(All_Risk_Apps!$B$4:$B$1233,_xludf.aggregate(15,6,(ROW(All_Risk_Apps!$A$4:$A$1233)-ROW(All_Risk_Apps!$A$4)+1)/((OR(All_Risk_Apps!$D$4:$D$1233={"High","Very High"}))*(All_Risk_Apps!$K$4:$K$1233="No")*(All_Risk_Apps!$A$4:$A$1233<>"")),14)),"") | C17: =IFERROR(INDEX(All_Risk_Apps!$D$4:$D$1233,_xludf.aggregate(15,6,(ROW(All_Risk_Apps!$A$4:$A$1233)-ROW(All_Risk_Apps!$A$4)+1)/((OR(All_Risk_Apps!$D$4:$D$1233={"High","Very High"}))*(All_Risk_Apps!$K$4:$K$1233="No")*(All_Risk_Apps!$A$4:$A$1233<>"")),14)),"") | D17: =IFERROR(INDEX(All_Risk_Apps!$C$4:$C$1233,_xludf.aggregate(15,6,(ROW(All_Risk_Apps!$A$4:$A$1233)-ROW(All_Risk_Apps!$A$4)+1)/((OR(All_Risk_Apps!$D$4:$D$1233={"High","Very High"}))*(All_Risk_Apps!$K$4:$K$1233="No")*(All_Risk_Apps!$A$4:$A$1233<>"")),14)),"") | E17: =IFERROR(INDEX(All_Risk_Apps!$E$4:$E$1233,_xludf.aggregate(15,6,(ROW(All_Risk_Apps!$A$4:$A$1233)-ROW(All_Risk_Apps!$A$4)+1)/((OR(All_Risk_Apps!$D$4:$D$1233={"High","Very High"}))*(All_Risk_Apps!$K$4:$K$1233="No")*(All_Risk_Apps!$A$4:$A$1233<>"")),14)),"") | F17: =IFERROR(INDEX(All_Risk_Apps!$F$4:$F$1233,_xludf.aggregate(15,6,(ROW(All_Risk_Apps!$A$4:$A$1233)-ROW(All_Risk_Apps!$A$4)+1)/((OR(All_Risk_Apps!$D$4:$D$1233={"High","Very High"}))*(All_Risk_Apps!$K$4:$K$1233="No")*(All_Risk_Apps!$A$4:$A$1233<>"")),14)),"") | G17: =IFERROR(INDEX(All_Risk_Apps!$I$4:$I$1233,_xludf.aggregate(15,6,(ROW(All_Risk_Apps!$A$4:$A$1233)-ROW(All_Risk_Apps!$A$4)+1)/((OR(All_Risk_Apps!$D$4:$D$1233={"High","Very High"}))*(All_Risk_Apps!$K$4:$K$1233="No")*(All_Risk_Apps!$A$4:$A$1233<>"")),14)),"") | H17: =IF(B17="","",IFERROR(INDEX(Server_Inventory!$R:$R,MATCH(B17,Server_Inventory!$Z:$Z,0)),"Not Found")) | I17: =IF(B17="","",IFERROR(INDEX(Server_Inventory!$S:$S,MATCH(B17,Server_Inventory!$Z:$Z,0)),"Not Found")) | J17: =IF(B17="","",COUNTIFS(Server_Inventory!$Z:$Z,B17,Server_Inventory!$P:$P,"R-RETIRED_IN_CMDB")) | K17: =IF(B17="","",IFERROR(INDEX(Container_Inventory!$F:$F,MATCH(B17,Container_Inventory!$L:$L,0)),"Not Found")) | L17: =IF(B17="","",IF(COUNTIF(Finding_List!$A:$A,B17)>0,"Yes","No")) | M17: =IF(B17="","",COUNTIF(Server_Inventory!$Z:$Z,B17)) | N17: =IF(B17="","",COUNTIF(Container_Inventory!$L:$L,B17))
A18: =IFERROR(INDEX(All_Risk_Apps!$A$4:$A$1233,_xludf.aggregate(15,6,(ROW(All_Risk_Apps!$A$4:$A$1233)-ROW(All_Risk_Apps!$A$4)+1)/((OR(All_Risk_Apps!$D$4:$D$1233={"High","Very High"}))*(All_Risk_Apps!$K$4:$K$1233="No")*(All_Risk_Apps!$A$4:$A$1233<>"")),15)),"") | B18: =IFERROR(INDEX(All_Risk_Apps!$B$4:$B$1233,_xludf.aggregate(15,6,(ROW(All_Risk_Apps!$A$4:$A$1233)-ROW(All_Risk_Apps!$A$4)+1)/((OR(All_Risk_Apps!$D$4:$D$1233={"High","Very High"}))*(All_Risk_Apps!$K$4:$K$1233="No")*(All_Risk_Apps!$A$4:$A$1233<>"")),15)),"") | C18: =IFERROR(INDEX(All_Risk_Apps!$D$4:$D$1233,_xludf.aggregate(15,6,(ROW(All_Risk_Apps!$A$4:$A$1233)-ROW(All_Risk_Apps!$A$4)+1)/((OR(All_Risk_Apps!$D$4:$D$1233={"High","Very High"}))*(All_Risk_Apps!$K$4:$K$1233="No")*(All_Risk_Apps!$A$4:$A$1233<>"")),15)),"") | D18: =IFERROR(INDEX(All_Risk_Apps!$C$4:$C$1233,_xludf.aggregate(15,6,(ROW(All_Risk_Apps!$A$4:$A$1233)-ROW(All_Risk_Apps!$A$4)+1)/((OR(All_Risk_Apps!$D$4:$D$1233={"High","Very High"}))*(All_Risk_Apps!$K$4:$K$1233="No")*(All_Risk_Apps!$A$4:$A$1233<>"")),15)),"") | E18: =IFERROR(INDEX(All_Risk_Apps!$E$4:$E$1233,_xludf.aggregate(15,6,(ROW(All_Risk_Apps!$A$4:$A$1233)-ROW(All_Risk_Apps!$A$4)+1)/((OR(All_Risk_Apps!$D$4:$D$1233={"High","Very High"}))*(All_Risk_Apps!$K$4:$K$1233="No")*(All_Risk_Apps!$A$4:$A$1233<>"")),15)),"") | F18: =IFERROR(INDEX(All_Risk_Apps!$F$4:$F$1233,_xludf.aggregate(15,6,(ROW(All_Risk_Apps!$A$4:$A$1233)-ROW(All_Risk_Apps!$A$4)+1)/((OR(All_Risk_Apps!$D$4:$D$1233={"High","Very High"}))*(All_Risk_Apps!$K$4:$K$1233="No")*(All_Risk_Apps!$A$4:$A$1233<>"")),15)),"") | G18: =IFERROR(INDEX(All_Risk_Apps!$I$4:$I$1233,_xludf.aggregate(15,6,(ROW(All_Risk_Apps!$A$4:$A$1233)-ROW(All_Risk_Apps!$A$4)+1)/((OR(All_Risk_Apps!$D$4:$D$1233={"High","Very High"}))*(All_Risk_Apps!$K$4:$K$1233="No")*(All_Risk_Apps!$A$4:$A$1233<>"")),15)),"") | H18: =IF(B18="","",IFERROR(INDEX(Server_Inventory!$R:$R,MATCH(B18,Server_Inventory!$Z:$Z,0)),"Not Found")) | I18: =IF(B18="","",IFERROR(INDEX(Server_Inventory!$S:$S,MATCH(B18,Server_Inventory!$Z:$Z,0)),"Not Found")) | J18: =IF(B18="","",COUNTIFS(Server_Inventory!$Z:$Z,B18,Server_Inventory!$P:$P,"R-RETIRED_IN_CMDB")) | K18: =IF(B18="","",IFERROR(INDEX(Container_Inventory!$F:$F,MATCH(B18,Container_Inventory!$L:$L,0)),"Not Found")) | L18: =IF(B18="","",IF(COUNTIF(Finding_List!$A:$A,B18)>0,"Yes","No")) | M18: =IF(B18="","",COUNTIF(Server_Inventory!$Z:$Z,B18)) | N18: =IF(B18="","",COUNTIF(Container_Inventory!$L:$L,B18))
A19: =IFERROR(INDEX(All_Risk_Apps!$A$4:$A$1233,_xludf.aggregate(15,6,(ROW(All_Risk_Apps!$A$4:$A$1233)-ROW(All_Risk_Apps!$A$4)+1)/((OR(All_Risk_Apps!$D$4:$D$1233={"High","Very High"}))*(All_Risk_Apps!$K$4:$K$1233="No")*(All_Risk_Apps!$A$4:$A$1233<>"")),16)),"") | B19: =IFERROR(INDEX(All_Risk_Apps!$B$4:$B$1233,_xludf.aggregate(15,6,(ROW(All_Risk_Apps!$A$4:$A$1233)-ROW(All_Risk_Apps!$A$4)+1)/((OR(All_Risk_Apps!$D$4:$D$1233={"High","Very High"}))*(All_Risk_Apps!$K$4:$K$1233="No")*(All_Risk_Apps!$A$4:$A$1233<>"")),16)),"") | C19: =IFERROR(INDEX(All_Risk_Apps!$D$4:$D$1233,_xludf.aggregate(15,6,(ROW(All_Risk_Apps!$A$4:$A$1233)-ROW(All_Risk_Apps!$A$4)+1)/((OR(All_Risk_Apps!$D$4:$D$1233={"High","Very High"}))*(All_Risk_Apps!$K$4:$K$1233="No")*(All_Risk_Apps!$A$4:$A$1233<>"")),16)),"") | D19: =IFERROR(INDEX(All_Risk_Apps!$C$4:$C$1233,_xludf.aggregate(15,6,(ROW(All_Risk_Apps!$A$4:$A$1233)-ROW(All_Risk_Apps!$A$4)+1)/((OR(All_Risk_Apps!$D$4:$D$1233={"High","Very High"}))*(All_Risk_Apps!$K$4:$K$1233="No")*(All_Risk_Apps!$A$4:$A$1233<>"")),16)),"") | E19: =IFERROR(INDEX(All_Risk_Apps!$E$4:$E$1233,_xludf.aggregate(15,6,(ROW(All_Risk_Apps!$A$4:$A$1233)-ROW(All_Risk_Apps!$A$4)+1)/((OR(All_Risk_Apps!$D$4:$D$1233={"High","Very High"}))*(All_Risk_Apps!$K$4:$K$1233="No")*(All_Risk_Apps!$A$4:$A$1233<>"")),16)),"") | F19: =IFERROR(INDEX(All_Risk_Apps!$F$4:$F$1233,_xludf.aggregate(15,6,(ROW(All_Risk_Apps!$A$4:$A$1233)-ROW(All_Risk_Apps!$A$4)+1)/((OR(All_Risk_Apps!$D$4:$D$1233={"High","Very High"}))*(All_Risk_Apps!$K$4:$K$1233="No")*(All_Risk_Apps!$A$4:$A$1233<>"")),16)),"") | G19: =IFERROR(INDEX(All_Risk_Apps!$I$4:$I$1233,_xludf.aggregate(15,6,(ROW(All_Risk_Apps!$A$4:$A$1233)-ROW(All_Risk_Apps!$A$4)+1)/((OR(All_Risk_Apps!$D$4:$D$1233={"High","Very High"}))*(All_Risk_Apps!$K$4:$K$1233="No")*(All_Risk_Apps!$A$4:$A$1233<>"")),16)),"") | H19: =IF(B19="","",IFERROR(INDEX(Server_Inventory!$R:$R,MATCH(B19,Server_Inventory!$Z:$Z,0)),"Not Found")) | I19: =IF(B19="","",IFERROR(INDEX(Server_Inventory!$S:$S,MATCH(B19,Server_Inventory!$Z:$Z,0)),"Not Found")) | J19: =IF(B19="","",COUNTIFS(Server_Inventory!$Z:$Z,B19,Server_Inventory!$P:$P,"R-RETIRED_IN_CMDB")) | K19: =IF(B19="","",IFERROR(INDEX(Container_Inventory!$F:$F,MATCH(B19,Container_Inventory!$L:$L,0)),"Not Found")) | L19: =IF(B19="","",IF(COUNTIF(Finding_List!$A:$A,B19)>0,"Yes","No")) | M19: =IF(B19="","",COUNTIF(Server_Inventory!$Z:$Z,B19)) | N19: =IF(B19="","",COUNTIF(Container_Inventory!$L:$L,B19))
A20: =IFERROR(INDEX(All_Risk_Apps!$A$4:$A$1233,_xludf.aggregate(15,6,(ROW(All_Risk_Apps!$A$4:$A$1233)-ROW(All_Risk_Apps!$A$4)+1)/((OR(All_Risk_Apps!$D$4:$D$1233={"High","Very High"}))*(All_Risk_Apps!$K$4:$K$1233="No")*(All_Risk_Apps!$A$4:$A$1233<>"")),17)),"") | B20: =IFERROR(INDEX(All_Risk_Apps!$B$4:$B$1233,_xludf.aggregate(15,6,(ROW(All_Risk_Apps!$A$4:$A$1233)-ROW(All_Risk_Apps!$A$4)+1)/((OR(All_Risk_Apps!$D$4:$D$1233={"High","Very High"}))*(All_Risk_Apps!$K$4:$K$1233="No")*(All_Risk_Apps!$A$4:$A$1233<>"")),17)),"") | C20: =IFERROR(INDEX(All_Risk_Apps!$D$4:$D$1233,_xludf.aggregate(15,6,(ROW(All_Risk_Apps!$A$4:$A$1233)-ROW(All_Risk_Apps!$A$4)+1)/((OR(All_Risk_Apps!$D$4:$D$1233={"High","Very High"}))*(All_Risk_Apps!$K$4:$K$1233="No")*(All_Risk_Apps!$A$4:$A$1233<>"")),17)),"") | D20: =IFERROR(INDEX(All_Risk_Apps!$C$4:$C$1233,_xludf.aggregate(15,6,(ROW(All_Risk_Apps!$A$4:$A$1233)-ROW(All_Risk_Apps!$A$4)+1)/((OR(All_Risk_Apps!$D$4:$D$1233={"High","Very High"}))*(All_Risk_Apps!$K$4:$K$1233="No")*(All_Risk_Apps!$A$4:$A$1233<>"")),17)),"") | E20: =IFERROR(INDEX(All_Risk_Apps!$E$4:$E$1233,_xludf.aggregate(15,6,(ROW(All_Risk_Apps!$A$4:$A$1233)-ROW(All_Risk_Apps!$A$4)+1)/((OR(All_Risk_Apps!$D$4:$D$1233={"High","Very High"}))*(All_Risk_Apps!$K$4:$K$1233="No")*(All_Risk_Apps!$A$4:$A$1233<>"")),17)),"") | F20: =IFERROR(INDEX(All_Risk_Apps!$F$4:$F$1233,_xludf.aggregate(15,6,(ROW(All_Risk_Apps!$A$4:$A$1233)-ROW(All_Risk_Apps!$A$4)+1)/((OR(All_Risk_Apps!$D$4:$D$1233={"High","Very High"}))*(All_Risk_Apps!$K$4:$K$1233="No")*(All_Risk_Apps!$A$4:$A$1233<>"")),17)),"") | G20: =IFERROR(INDEX(All_Risk_Apps!$I$4:$I$1233,_xludf.aggregate(15,6,(ROW(All_Risk_Apps!$A$4:$A$1233)-ROW(All_Risk_Apps!$A$4)+1)/((OR(All_Risk_Apps!$D$4:$D$1233={"High","Very High"}))*(All_Risk_Apps!$K$4:$K$1233="No")*(All_Risk_Apps!$A$4:$A$1233<>"")),17)),"") | H20: =IF(B20="","",IFERROR(INDEX(Server_Inventory!$R:$R,MATCH(B20,Server_Inventory!$Z:$Z,0)),"Not Found")) | I20: =IF(B20="","",IFERROR(INDEX(Server_Inventory!$S:$S,MATCH(B20,Server_Inventory!$Z:$Z,0)),"Not Found")) | J20: =IF(B20="","",COUNTIFS(Server_Inventory!$Z:$Z,B20,Server_Inventory!$P:$P,"R-RETIRED_IN_CMDB")) | K20: =IF(B20="","",IFERROR(INDEX(Container_Inventory!$F:$F,MATCH(B20,Container_Inventory!$L:$L,0)),"Not Found")) | L20: =IF(B20="","",IF(COUNTIF(Finding_List!$A:$A,B20)>0,"Yes","No")) | M20: =IF(B20="","",COUNTIF(Server_Inventory!$Z:$Z,B20)) | N20: =IF(B20="","",COUNTIF(Container_Inventory!$L:$L,B20))
A21: =IFERROR(INDEX(All_Risk_Apps!$A$4:$A$1233,_xludf.aggregate(15,6,(ROW(All_Risk_Apps!$A$4:$A$1233)-ROW(All_Risk_Apps!$A$4)+1)/((OR(All_Risk_Apps!$D$4:$D$1233={"High","Very High"}))*(All_Risk_Apps!$K$4:$K$1233="No")*(All_Risk_Apps!$A$4:$A$1233<>"")),18)),"") | B21: =IFERROR(INDEX(All_Risk_Apps!$B$4:$B$1233,_xludf.aggregate(15,6,(ROW(All_Risk_Apps!$A$4:$A$1233)-ROW(All_Risk_Apps!$A$4)+1)/((OR(All_Risk_Apps!$D$4:$D$1233={"High","Very High"}))*(All_Risk_Apps!$K$4:$K$1233="No")*(All_Risk_Apps!$A$4:$A$1233<>"")),18)),"") | C21: =IFERROR(INDEX(All_Risk_Apps!$D$4:$D$1233,_xludf.aggregate(15,6,(ROW(All_Risk_Apps!$A$4:$A$1233)-ROW(All_Risk_Apps!$A$4)+1)/((OR(All_Risk_Apps!$D$4:$D$1233={"High","Very High"}))*(All_Risk_Apps!$K$4:$K$1233="No")*(All_Risk_Apps!$A$4:$A$1233<>"")),18)),"") | D21: =IFERROR(INDEX(All_Risk_Apps!$C$4:$C$1233,_xludf.aggregate(15,6,(ROW(All_Risk_Apps!$A$4:$A$1233)-ROW(All_Risk_Apps!$A$4)+1)/((OR(All_Risk_Apps!$D$4:$D$1233={"High","Very High"}))*(All_Risk_Apps!$K$4:$K$1233="No")*(All_Risk_Apps!$A$4:$A$1233<>"")),18)),"") | E21: =IFERROR(INDEX(All_Risk_Apps!$E$4:$E$1233,_xludf.aggregate(15,6,(ROW(All_Risk_Apps!$A$4:$A$1233)-ROW(All_Risk_Apps!$A$4)+1)/((OR(All_Risk_Apps!$D$4:$D$1233={"High","Very High"}))*(All_Risk_Apps!$K$4:$K$1233="No")*(All_Risk_Apps!$A$4:$A$1233<>"")),18)),"") | F21: =IFERROR(INDEX(All_Risk_Apps!$F$4:$F$1233,_xludf.aggregate(15,6,(ROW(All_Risk_Apps!$A$4:$A$1233)-ROW(All_Risk_Apps!$A$4)+1)/((OR(All_Risk_Apps!$D$4:$D$1233={"High","Very High"}))*(All_Risk_Apps!$K$4:$K$1233="No")*(All_Risk_Apps!$A$4:$A$1233<>"")),18)),"") | G21: =IFERROR(INDEX(All_Risk_Apps!$I$4:$I$1233,_xludf.aggregate(15,6,(ROW(All_Risk_Apps!$A$4:$A$1233)-ROW(All_Risk_Apps!$A$4)+1)/((OR(All_Risk_Apps!$D$4:$D$1233={"High","Very High"}))*(All_Risk_Apps!$K$4:$K$1233="No")*(All_Risk_Apps!$A$4:$A$1233<>"")),18)),"") | H21: =IF(B21="","",IFERROR(INDEX(Server_Inventory!$R:$R,MATCH(B21,Server_Inventory!$Z:$Z,0)),"Not Found")) | I21: =IF(B21="","",IFERROR(INDEX(Server_Inventory!$S:$S,MATCH(B21,Server_Inventory!$Z:$Z,0)),"Not Found")) | J21: =IF(B21="","",COUNTIFS(Server_Inventory!$Z:$Z,B21,Server_Inventory!$P:$P,"R-RETIRED_IN_CMDB")) | K21: =IF(B21="","",IFERROR(INDEX(Container_Inventory!$F:$F,MATCH(B21,Container_Inventory!$L:$L,0)),"Not Found")) | L21: =IF(B21="","",IF(COUNTIF(Finding_List!$A:$A,B21)>0,"Yes","No")) | M21: =IF(B21="","",COUNTIF(Server_Inventory!$Z:$Z,B21)) | N21: =IF(B21="","",COUNTIF(Container_Inventory!$L:$L,B21))
A22: =IFERROR(INDEX(All_Risk_Apps!$A$4:$A$1233,_xludf.aggregate(15,6,(ROW(All_Risk_Apps!$A$4:$A$1233)-ROW(All_Risk_Apps!$A$4)+1)/((OR(All_Risk_Apps!$D$4:$D$1233={"High","Very High"}))*(All_Risk_Apps!$K$4:$K$1233="No")*(All_Risk_Apps!$A$4:$A$1233<>"")),19)),"") | B22: =IFERROR(INDEX(All_Risk_Apps!$B$4:$B$1233,_xludf.aggregate(15,6,(ROW(All_Risk_Apps!$A$4:$A$1233)-ROW(All_Risk_Apps!$A$4)+1)/((OR(All_Risk_Apps!$D$4:$D$1233={"High","Very High"}))*(All_Risk_Apps!$K$4:$K$1233="No")*(All_Risk_Apps!$A$4:$A$1233<>"")),19)),"") | C22: =IFERROR(INDEX(All_Risk_Apps!$D$4:$D$1233,_xludf.aggregate(15,6,(ROW(All_Risk_Apps!$A$4:$A$1233)-ROW(All_Risk_Apps!$A$4)+1)/((OR(All_Risk_Apps!$D$4:$D$1233={"High","Very High"}))*(All_Risk_Apps!$K$4:$K$1233="No")*(All_Risk_Apps!$A$4:$A$1233<>"")),19)),"") | D22: =IFERROR(INDEX(All_Risk_Apps!$C$4:$C$1233,_xludf.aggregate(15,6,(ROW(All_Risk_Apps!$A$4:$A$1233)-ROW(All_Risk_Apps!$A$4)+1)/((OR(All_Risk_Apps!$D$4:$D$1233={"High","Very High"}))*(All_Risk_Apps!$K$4:$K$1233="No")*(All_Risk_Apps!$A$4:$A$1233<>"")),19)),"") | E22: =IFERROR(INDEX(All_Risk_Apps!$E$4:$E$1233,_xludf.aggregate(15,6,(ROW(All_Risk_Apps!$A$4:$A$1233)-ROW(All_Risk_Apps!$A$4)+1)/((OR(All_Risk_Apps!$D$4:$D$1233={"High","Very High"}))*(All_Risk_Apps!$K$4:$K$1233="No")*(All_Risk_Apps!$A$4:$A$1233<>"")),19)),"") | F22: =IFERROR(INDEX(All_Risk_Apps!$F$4:$F$1233,_xludf.aggregate(15,6,(ROW(All_Risk_Apps!$A$4:$A$1233)-ROW(All_Risk_Apps!$A$4)+1)/((OR(All_Risk_Apps!$D$4:$D$1233={"High","Very High"}))*(All_Risk_Apps!$K$4:$K$1233="No")*(All_Risk_Apps!$A$4:$A$1233<>"")),19)),"") | G22: =IFERROR(INDEX(All_Risk_Apps!$I$4:$I$1233,_xludf.aggregate(15,6,(ROW(All_Risk_Apps!$A$4:$A$1233)-ROW(All_Risk_Apps!$A$4)+1)/((OR(All_Risk_Apps!$D$4:$D$1233={"High","Very High"}))*(All_Risk_Apps!$K$4:$K$1233="No")*(All_Risk_Apps!$A$4:$A$1233<>"")),19)),"") | H22: =IF(B22="","",IFERROR(INDEX(Server_Inventory!$R:$R,MATCH(B22,Server_Inventory!$Z:$Z,0)),"Not Found")) | I22: =IF(B22="","",IFERROR(INDEX(Server_Inventory!$S:$S,MATCH(B22,Server_Inventory!$Z:$Z,0)),"Not Found")) | J22: =IF(B22="","",COUNTIFS(Server_Inventory!$Z:$Z,B22,Server_Inventory!$P:$P,"R-RETIRED_IN_CMDB")) | K22: =IF(B22="","",IFERROR(INDEX(Container_Inventory!$F:$F,MATCH(B22,Container_Inventory!$L:$L,0)),"Not Found")) | L22: =IF(B22="","",IF(COUNTIF(Finding_List!$A:$A,B22)>0,"Yes","No")) | M22: =IF(B22="","",COUNTIF(Server_Inventory!$Z:$Z,B22)) | N22: =IF(B22="","",COUNTIF(Container_Inventory!$L:$L,B22))
A23: =IFERROR(INDEX(All_Risk_Apps!$A$4:$A$1233,_xludf.aggregate(15,6,(ROW(All_Risk_Apps!$A$4:$A$1233)-ROW(All_Risk_Apps!$A$4)+1)/((OR(All_Risk_Apps!$D$4:$D$1233={"High","Very High"}))*(All_Risk_Apps!$K$4:$K$1233="No")*(All_Risk_Apps!$A$4:$A$1233<>"")),20)),"") | B23: =IFERROR(INDEX(All_Risk_Apps!$B$4:$B$1233,_xludf.aggregate(15,6,(ROW(All_Risk_Apps!$A$4:$A$1233)-ROW(All_Risk_Apps!$A$4)+1)/((OR(All_Risk_Apps!$D$4:$D$1233={"High","Very High"}))*(All_Risk_Apps!$K$4:$K$1233="No")*(All_Risk_Apps!$A$4:$A$1233<>"")),20)),"") | C23: =IFERROR(INDEX(All_Risk_Apps!$D$4:$D$1233,_xludf.aggregate(15,6,(ROW(All_Risk_Apps!$A$4:$A$1233)-ROW(All_Risk_Apps!$A$4)+1)/((OR(All_Risk_Apps!$D$4:$D$1233={"High","Very High"}))*(All_Risk_Apps!$K$4:$K$1233="No")*(All_Risk_Apps!$A$4:$A$1233<>"")),20)),"") | D23: =IFERROR(INDEX(All_Risk_Apps!$C$4:$C$1233,_xludf.aggregate(15,6,(ROW(All_Risk_Apps!$A$4:$A$1233)-ROW(All_Risk_Apps!$A$4)+1)/((OR(All_Risk_Apps!$D$4:$D$1233={"High","Very High"}))*(All_Risk_Apps!$K$4:$K$1233="No")*(All_Risk_Apps!$A$4:$A$1233<>"")),20)),"") | E23: =IFERROR(INDEX(All_Risk_Apps!$E$4:$E$1233,_xludf.aggregate(15,6,(ROW(All_Risk_Apps!$A$4:$A$1233)-ROW(All_Risk_Apps!$A$4)+1)/((OR(All_Risk_Apps!$D$4:$D$1233={"High","Very High"}))*(All_Risk_Apps!$K$4:$K$1233="No")*(All_Risk_Apps!$A$4:$A$1233<>"")),20)),"") | F23: =IFERROR(INDEX(All_Risk_Apps!$F$4:$F$1233,_xludf.aggregate(15,6,(ROW(All_Risk_Apps!$A$4:$A$1233)-ROW(All_Risk_Apps!$A$4)+1)/((OR(All_Risk_Apps!$D$4:$D$1233={"High","Very High"}))*(All_Risk_Apps!$K$4:$K$1233="No")*(All_Risk_Apps!$A$4:$A$1233<>"")),20)),"") | G23: =IFERROR(INDEX(All_Risk_Apps!$I$4:$I$1233,_xludf.aggregate(15,6,(ROW(All_Risk_Apps!$A$4:$A$1233)-ROW(All_Risk_Apps!$A$4)+1)/((OR(All_Risk_Apps!$D$4:$D$1233={"High","Very High"}))*(All_Risk_Apps!$K$4:$K$1233="No")*(All_Risk_Apps!$A$4:$A$1233<>"")),20)),"") | H23: =IF(B23="","",IFERROR(INDEX(Server_Inventory!$R:$R,MATCH(B23,Server_Inventory!$Z:$Z,0)),"Not Found")) | I23: =IF(B23="","",IFERROR(INDEX(Server_Inventory!$S:$S,MATCH(B23,Server_Inventory!$Z:$Z,0)),"Not Found")) | J23: =IF(B23="","",COUNTIFS(Server_Inventory!$Z:$Z,B23,Server_Inventory!$P:$P,"R-RETIRED_IN_CMDB")) | K23: =IF(B23="","",IFERROR(INDEX(Container_Inventory!$F:$F,MATCH(B23,Container_Inventory!$L:$L,0)),"Not Found")) | L23: =IF(B23="","",IF(COUNTIF(Finding_List!$A:$A,B23)>0,"Yes","No")) | M23: =IF(B23="","",COUNTIF(Server_Inventory!$Z:$Z,B23)) | N23: =IF(B23="","",COUNTIF(Container_Inventory!$L:$L,B23))
A24: =IFERROR(INDEX(All_Risk_Apps!$A$4:$A$1233,_xludf.aggregate(15,6,(ROW(All_Risk_Apps!$A$4:$A$1233)-ROW(All_Risk_Apps!$A$4)+1)/((OR(All_Risk_Apps!$D$4:$D$1233={"High","Very High"}))*(All_Risk_Apps!$K$4:$K$1233="No")*(All_Risk_Apps!$A$4:$A$1233<>"")),21)),"") | B24: =IFERROR(INDEX(All_Risk_Apps!$B$4:$B$1233,_xludf.aggregate(15,6,(ROW(All_Risk_Apps!$A$4:$A$1233)-ROW(All_Risk_Apps!$A$4)+1)/((OR(All_Risk_Apps!$D$4:$D$1233={"High","Very High"}))*(All_Risk_Apps!$K$4:$K$1233="No")*(All_Risk_Apps!$A$4:$A$1233<>"")),21)),"") | C24: =IFERROR(INDEX(All_Risk_Apps!$D$4:$D$1233,_xludf.aggregate(15,6,(ROW(All_Risk_Apps!$A$4:$A$1233)-ROW(All_Risk_Apps!$A$4)+1)/((OR(All_Risk_Apps!$D$4:$D$1233={"High","Very High"}))*(All_Risk_Apps!$K$4:$K$1233="No")*(All_Risk_Apps!$A$4:$A$1233<>"")),21)),"") | D24: =IFERROR(INDEX(All_Risk_Apps!$C$4:$C$1233,_xludf.aggregate(15,6,(ROW(All_Risk_Apps!$A$4:$A$1233)-ROW(All_Risk_Apps!$A$4)+1)/((OR(All_Risk_Apps!$D$4:$D$1233={"High","Very High"}))*(All_Risk_Apps!$K$4:$K$1233="No")*(All_Risk_Apps!$A$4:$A$1233<>"")),21)),"") | E24: =IFERROR(INDEX(All_Risk_Apps!$E$4:$E$1233,_xludf.aggregate(15,6,(ROW(All_Risk_Apps!$A$4:$A$1233)-ROW(All_Risk_Apps!$A$4)+1)/((OR(All_Risk_Apps!$D$4:$D$1233={"High","Very High"}))*(All_Risk_Apps!$K$4:$K$1233="No")*(All_Risk_Apps!$A$4:$A$1233<>"")),21)),"") | F24: =IFERROR(INDEX(All_Risk_Apps!$F$4:$F$1233,_xludf.aggregate(15,6,(ROW(All_Risk_Apps!$A$4:$A$1233)-ROW(All_Risk_Apps!$A$4)+1)/((OR(All_Risk_Apps!$D$4:$D$1233={"High","Very High"}))*(All_Risk_Apps!$K$4:$K$1233="No")*(All_Risk_Apps!$A$4:$A$1233<>"")),21)),"") | G24: =IFERROR(INDEX(All_Risk_Apps!$I$4:$I$1233,_xludf.aggregate(15,6,(ROW(All_Risk_Apps!$A$4:$A$1233)-ROW(All_Risk_Apps!$A$4)+1)/((OR(All_Risk_Apps!$D$4:$D$1233={"High","Very High"}))*(All_Risk_Apps!$K$4:$K$1233="No")*(All_Risk_Apps!$A$4:$A$1233<>"")),21)),"") | H24: =IF(B24="","",IFERROR(INDEX(Server_Inventory!$R:$R,MATCH(B24,Server_Inventory!$Z:$Z,0)),"Not Found")) | I24: =IF(B24="","",IFERROR(INDEX(Server_Inventory!$S:$S,MATCH(B24,Server_Inventory!$Z:$Z,0)),"Not Found")) | J24: =IF(B24="","",COUNTIFS(Server_Inventory!$Z:$Z,B24,Server_Inventory!$P:$P,"R-RETIRED_IN_CMDB")) | K24: =IF(B24="","",IFERROR(INDEX(Container_Inventory!$F:$F,MATCH(B24,Container_Inventory!$L:$L,0)),"Not Found")) | L24: =IF(B24="","",IF(COUNTIF(Finding_List!$A:$A,B24)>0,"Yes","No")) | M24: =IF(B24="","",COUNTIF(Server_Inventory!$Z:$Z,B24)) | N24: =IF(B24="","",COUNTIF(Container_Inventory!$L:$L,B24))
A25: =IFERROR(INDEX(All_Risk_Apps!$A$4:$A$1233,_xludf.aggregate(15,6,(ROW(All_Risk_Apps!$A$4:$A$1233)-ROW(All_Risk_Apps!$A$4)+1)/((OR(All_Risk_Apps!$D$4:$D$1233={"High","Very High"}))*(All_Risk_Apps!$K$4:$K$1233="No")*(All_Risk_Apps!$A$4:$A$1233<>"")),22)),"") | B25: =IFERROR(INDEX(All_Risk_Apps!$B$4:$B$1233,_xludf.aggregate(15,6,(ROW(All_Risk_Apps!$A$4:$A$1233)-ROW(All_Risk_Apps!$A$4)+1)/((OR(All_Risk_Apps!$D$4:$D$1233={"High","Very High"}))*(All_Risk_Apps!$K$4:$K$1233="No")*(All_Risk_Apps!$A$4:$A$1233<>"")),22)),"") | C25: =IFERROR(INDEX(All_Risk_Apps!$D$4:$D$1233,_xludf.aggregate(15,6,(ROW(All_Risk_Apps!$A$4:$A$1233)-ROW(All_Risk_Apps!$A$4)+1)/((OR(All_Risk_Apps!$D$4:$D$1233={"High","Very High"}))*(All_Risk_Apps!$K$4:$K$1233="No")*(All_Risk_Apps!$A$4:$A$1233<>"")),22)),"") | D25: =IFERROR(INDEX(All_Risk_Apps!$C$4:$C$1233,_xludf.aggregate(15,6,(ROW(All_Risk_Apps!$A$4:$A$1233)-ROW(All_Risk_Apps!$A$4)+1)/((OR(All_Risk_Apps!$D$4:$D$1233={"High","Very High"}))*(All_Risk_Apps!$K$4:$K$1233="No")*(All_Risk_Apps!$A$4:$A$1233<>"")),22)),"") | E25: =IFERROR(INDEX(All_Risk_Apps!$E$4:$E$1233,_xludf.aggregate(15,6,(ROW(All_Risk_Apps!$A$4:$A$1233)-ROW(All_Risk_Apps!$A$4)+1)/((OR(All_Risk_Apps!$D$4:$D$1233={"High","Very High"}))*(All_Risk_Apps!$K$4:$K$1233="No")*(All_Risk_Apps!$A$4:$A$1233<>"")),22)),"") | F25: =IFERROR(INDEX(All_Risk_Apps!$F$4:$F$1233,_xludf.aggregate(15,6,(ROW(All_Risk_Apps!$A$4:$A$1233)-ROW(All_Risk_Apps!$A$4)+1)/((OR(All_Risk_Apps!$D$4:$D$1233={"High","Very High"}))*(All_Risk_Apps!$K$4:$K$1233="No")*(All_Risk_Apps!$A$4:$A$1233<>"")),22)),"") | G25: =IFERROR(INDEX(All_Risk_Apps!$I$4:$I$1233,_xludf.aggregate(15,6,(ROW(All_Risk_Apps!$A$4:$A$1233)-ROW(All_Risk_Apps!$A$4)+1)/((OR(All_Risk_Apps!$D$4:$D$1233={"High","Very High"}))*(All_Risk_Apps!$K$4:$K$1233="No")*(All_Risk_Apps!$A$4:$A$1233<>"")),22)),"") | H25: =IF(B25="","",IFERROR(INDEX(Server_Inventory!$R:$R,MATCH(B25,Server_Inventory!$Z:$Z,0)),"Not Found")) | I25: =IF(B25="","",IFERROR(INDEX(Server_Inventory!$S:$S,MATCH(B25,Server_Inventory!$Z:$Z,0)),"Not Found")) | J25: =IF(B25="","",COUNTIFS(Server_Inventory!$Z:$Z,B25,Server_Inventory!$P:$P,"R-RETIRED_IN_CMDB")) | K25: =IF(B25="","",IFERROR(INDEX(Container_Inventory!$F:$F,MATCH(B25,Container_Inventory!$L:$L,0)),"Not Found")) | L25: =IF(B25="","",IF(COUNTIF(Finding_List!$A:$A,B25)>0,"Yes","No")) | M25: =IF(B25="","",COUNTIF(Server_Inventory!$Z:$Z,B25)) | N25: =IF(B25="","",COUNTIF(Container_Inventory!$L:$L,B25))
A26: =IFERROR(INDEX(All_Risk_Apps!$A$4:$A$1233,_xludf.aggregate(15,6,(ROW(All_Risk_Apps!$A$4:$A$1233)-ROW(All_Risk_Apps!$A$4)+1)/((OR(All_Risk_Apps!$D$4:$D$1233={"High","Very High"}))*(All_Risk_Apps!$K$4:$K$1233="No")*(All_Risk_Apps!$A$4:$A$1233<>"")),23)),"") | B26: =IFERROR(INDEX(All_Risk_Apps!$B$4:$B$1233,_xludf.aggregate(15,6,(ROW(All_Risk_Apps!$A$4:$A$1233)-ROW(All_Risk_Apps!$A$4)+1)/((OR(All_Risk_Apps!$D$4:$D$1233={"High","Very High"}))*(All_Risk_Apps!$K$4:$K$1233="No")*(All_Risk_Apps!$A$4:$A$1233<>"")),23)),"") | C26: =IFERROR(INDEX(All_Risk_Apps!$D$4:$D$1233,_xludf.aggregate(15,6,(ROW(All_Risk_Apps!$A$4:$A$1233)-ROW(All_Risk_Apps!$A$4)+1)/((OR(All_Risk_Apps!$D$4:$D$1233={"High","Very High"}))*(All_Risk_Apps!$K$4:$K$1233="No")*(All_Risk_Apps!$A$4:$A$1233<>"")),23)),"") | D26: =IFERROR(INDEX(All_Risk_Apps!$C$4:$C$1233,_xludf.aggregate(15,6,(ROW(All_Risk_Apps!$A$4:$A$1233)-ROW(All_Risk_Apps!$A$4)+1)/((OR(All_Risk_Apps!$D$4:$D$1233={"High","Very High"}))*(All_Risk_Apps!$K$4:$K$1233="No")*(All_Risk_Apps!$A$4:$A$1233<>"")),23)),"") | E26: =IFERROR(INDEX(All_Risk_Apps!$E$4:$E$1233,_xludf.aggregate(15,6,(ROW(All_Risk_Apps!$A$4:$A$1233)-ROW(All_Risk_Apps!$A$4)+1)/((OR(All_Risk_Apps!$D$4:$D$1233={"High","Very High"}))*(All_Risk_Apps!$K$4:$K$1233="No")*(All_Risk_Apps!$A$4:$A$1233<>"")),23)),"") | F26: =IFERROR(INDEX(All_Risk_Apps!$F$4:$F$1233,_xludf.aggregate(15,6,(ROW(All_Risk_Apps!$A$4:$A$1233)-ROW(All_Risk_Apps!$A$4)+1)/((OR(All_Risk_Apps!$D$4:$D$1233={"High","Very High"}))*(All_Risk_Apps!$K$4:$K$1233="No")*(All_Risk_Apps!$A$4:$A$1233<>"")),23)),"") | G26: =IFERROR(INDEX(All_Risk_Apps!$I$4:$I$1233,_xludf.aggregate(15,6,(ROW(All_Risk_Apps!$A$4:$A$1233)-ROW(All_Risk_Apps!$A$4)+1)/((OR(All_Risk_Apps!$D$4:$D$1233={"High","Very High"}))*(All_Risk_Apps!$K$4:$K$1233="No")*(All_Risk_Apps!$A$4:$A$1233<>"")),23)),"") | H26: =IF(B26="","",IFERROR(INDEX(Server_Inventory!$R:$R,MATCH(B26,Server_Inventory!$Z:$Z,0)),"Not Found")) | I26: =IF(B26="","",IFERROR(INDEX(Server_Inventory!$S:$S,MATCH(B26,Server_Inventory!$Z:$Z,0)),"Not Found")) | J26: =IF(B26="","",COUNTIFS(Server_Inventory!$Z:$Z,B26,Server_Inventory!$P:$P,"R-RETIRED_IN_CMDB")) | K26: =IF(B26="","",IFERROR(INDEX(Container_Inventory!$F:$F,MATCH(B26,Container_Inventory!$L:$L,0)),"Not Found")) | L26: =IF(B26="","",IF(COUNTIF(Finding_List!$A:$A,B26)>0,"Yes","No")) | M26: =IF(B26="","",COUNTIF(Server_Inventory!$Z:$Z,B26)) | N26: =IF(B26="","",COUNTIF(Container_Inventory!$L:$L,B26))
A27: =IFERROR(INDEX(All_Risk_Apps!$A$4:$A$1233,_xludf.aggregate(15,6,(ROW(All_Risk_Apps!$A$4:$A$1233)-ROW(All_Risk_Apps!$A$4)+1)/((OR(All_Risk_Apps!$D$4:$D$1233={"High","Very High"}))*(All_Risk_Apps!$K$4:$K$1233="No")*(All_Risk_Apps!$A$4:$A$1233<>"")),24)),"") | B27: =IFERROR(INDEX(All_Risk_Apps!$B$4:$B$1233,_xludf.aggregate(15,6,(ROW(All_Risk_Apps!$A$4:$A$1233)-ROW(All_Risk_Apps!$A$4)+1)/((OR(All_Risk_Apps!$D$4:$D$1233={"High","Very High"}))*(All_Risk_Apps!$K$4:$K$1233="No")*(All_Risk_Apps!$A$4:$A$1233<>"")),24)),"") | C27: =IFERROR(INDEX(All_Risk_Apps!$D$4:$D$1233,_xludf.aggregate(15,6,(ROW(All_Risk_Apps!$A$4:$A$1233)-ROW(All_Risk_Apps!$A$4)+1)/((OR(All_Risk_Apps!$D$4:$D$1233={"High","Very High"}))*(All_Risk_Apps!$K$4:$K$1233="No")*(All_Risk_Apps!$A$4:$A$1233<>"")),24)),"") | D27: =IFERROR(INDEX(All_Risk_Apps!$C$4:$C$1233,_xludf.aggregate(15,6,(ROW(All_Risk_Apps!$A$4:$A$1233)-ROW(All_Risk_Apps!$A$4)+1)/((OR(All_Risk_Apps!$D$4:$D$1233={"High","Very High"}))*(All_Risk_Apps!$K$4:$K$1233="No")*(All_Risk_Apps!$A$4:$A$1233<>"")),24)),"") | E27: =IFERROR(INDEX(All_Risk_Apps!$E$4:$E$1233,_xludf.aggregate(15,6,(ROW(All_Risk_Apps!$A$4:$A$1233)-ROW(All_Risk_Apps!$A$4)+1)/((OR(All_Risk_Apps!$D$4:$D$1233={"High","Very High"}))*(All_Risk_Apps!$K$4:$K$1233="No")*(All_Risk_Apps!$A$4:$A$1233<>"")),24)),"") | F27: =IFERROR(INDEX(All_Risk_Apps!$F$4:$F$1233,_xludf.aggregate(15,6,(ROW(All_Risk_Apps!$A$4:$A$1233)-ROW(All_Risk_Apps!$A$4)+1)/((OR(All_Risk_Apps!$D$4:$D$1233={"High","Very High"}))*(All_Risk_Apps!$K$4:$K$1233="No")*(All_Risk_Apps!$A$4:$A$1233<>"")),24)),"") | G27: =IFERROR(INDEX(All_Risk_Apps!$I$4:$I$1233,_xludf.aggregate(15,6,(ROW(All_Risk_Apps!$A$4:$A$1233)-ROW(All_Risk_Apps!$A$4)+1)/((OR(All_Risk_Apps!$D$4:$D$1233={"High","Very High"}))*(All_Risk_Apps!$K$4:$K$1233="No")*(All_Risk_Apps!$A$4:$A$1233<>"")),24)),"") | H27: =IF(B27="","",IFERROR(INDEX(Server_Inventory!$R:$R,MATCH(B27,Server_Inventory!$Z:$Z,0)),"Not Found")) | I27: =IF(B27="","",IFERROR(INDEX(Server_Inventory!$S:$S,MATCH(B27,Server_Inventory!$Z:$Z,0)),"Not Found")) | J27: =IF(B27="","",COUNTIFS(Server_Inventory!$Z:$Z,B27,Server_Inventory!$P:$P,"R-RETIRED_IN_CMDB")) | K27: =IF(B27="","",IFERROR(INDEX(Container_Inventory!$F:$F,MATCH(B27,Container_Inventory!$L:$L,0)),"Not Found")) | L27: =IF(B27="","",IF(COUNTIF(Finding_List!$A:$A,B27)>0,"Yes","No")) | M27: =IF(B27="","",COUNTIF(Server_Inventory!$Z:$Z,B27)) | N27: =IF(B27="","",COUNTIF(Container_Inventory!$L:$L,B27))
A28: =IFERROR(INDEX(All_Risk_Apps!$A$4:$A$1233,_xludf.aggregate(15,6,(ROW(All_Risk_Apps!$A$4:$A$1233)-ROW(All_Risk_Apps!$A$4)+1)/((OR(All_Risk_Apps!$D$4:$D$1233={"High","Very High"}))*(All_Risk_Apps!$K$4:$K$1233="No")*(All_Risk_Apps!$A$4:$A$1233<>"")),25)),"") | B28: =IFERROR(INDEX(All_Risk_Apps!$B$4:$B$1233,_xludf.aggregate(15,6,(ROW(All_Risk_Apps!$A$4:$A$1233)-ROW(All_Risk_Apps!$A$4)+1)/((OR(All_Risk_Apps!$D$4:$D$1233={"High","Very High"}))*(All_Risk_Apps!$K$4:$K$1233="No")*(All_Risk_Apps!$A$4:$A$1233<>"")),25)),"") | C28: =IFERROR(INDEX(All_Risk_Apps!$D$4:$D$1233,_xludf.aggregate(15,6,(ROW(All_Risk_Apps!$A$4:$A$1233)-ROW(All_Risk_Apps!$A$4)+1)/((OR(All_Risk_Apps!$D$4:$D$1233={"High","Very High"}))*(All_Risk_Apps!$K$4:$K$1233="No")*(All_Risk_Apps!$A$4:$A$1233<>"")),25)),"") | D28: =IFERROR(INDEX(All_Risk_Apps!$C$4:$C$1233,_xludf.aggregate(15,6,(ROW(All_Risk_Apps!$A$4:$A$1233)-ROW(All_Risk_Apps!$A$4)+1)/((OR(All_Risk_Apps!$D$4:$D$1233={"High","Very High"}))*(All_Risk_Apps!$K$4:$K$1233="No")*(All_Risk_Apps!$A$4:$A$1233<>"")),25)),"") | E28: =IFERROR(INDEX(All_Risk_Apps!$E$4:$E$1233,_xludf.aggregate(15,6,(ROW(All_Risk_Apps!$A$4:$A$1233)-ROW(All_Risk_Apps!$A$4)+1)/((OR(All_Risk_Apps!$D$4:$D$1233={"High","Very High"}))*(All_Risk_Apps!$K$4:$K$1233="No")*(All_Risk_Apps!$A$4:$A$1233<>"")),25)),"") | F28: =IFERROR(INDEX(All_Risk_Apps!$F$4:$F$1233,_xludf.aggregate(15,6,(ROW(All_Risk_Apps!$A$4:$A$1233)-ROW(All_Risk_Apps!$A$4)+1)/((OR(All_Risk_Apps!$D$4:$D$1233={"High","Very High"}))*(All_Risk_Apps!$K$4:$K$1233="No")*(All_Risk_Apps!$A$4:$A$1233<>"")),25)),"") | G28: =IFERROR(INDEX(All_Risk_Apps!$I$4:$I$1233,_xludf.aggregate(15,6,(ROW(All_Risk_Apps!$A$4:$A$1233)-ROW(All_Risk_Apps!$A$4)+1)/((OR(All_Risk_Apps!$D$4:$D$1233={"High","Very High"}))*(All_Risk_Apps!$K$4:$K$1233="No")*(All_Risk_Apps!$A$4:$A$1233<>"")),25)),"") | H28: =IF(B28="","",IFERROR(INDEX(Server_Inventory!$R:$R,MATCH(B28,Server_Inventory!$Z:$Z,0)),"Not Found")) | I28: =IF(B28="","",IFERROR(INDEX(Server_Inventory!$S:$S,MATCH(B28,Server_Inventory!$Z:$Z,0)),"Not Found")) | J28: =IF(B28="","",COUNTIFS(Server_Inventory!$Z:$Z,B28,Server_Inventory!$P:$P,"R-RETIRED_IN_CMDB")) | K28: =IF(B28="","",IFERROR(INDEX(Container_Inventory!$F:$F,MATCH(B28,Container_Inventory!$L:$L,0)),"Not Found")) | L28: =IF(B28="","",IF(COUNTIF(Finding_List!$A:$A,B28)>0,"Yes","No")) | M28: =IF(B28="","",COUNTIF(Server_Inventory!$Z:$Z,B28)) | N28: =IF(B28="","",COUNTIF(Container_Inventory!$L:$L,B28))
A29: =IFERROR(INDEX(All_Risk_Apps!$A$4:$A$1233,_xludf.aggregate(15,6,(ROW(All_Risk_Apps!$A$4:$A$1233)-ROW(All_Risk_Apps!$A$4)+1)/((OR(All_Risk_Apps!$D$4:$D$1233={"High","Very High"}))*(All_Risk_Apps!$K$4:$K$1233="No")*(All_Risk_Apps!$A$4:$A$1233<>"")),26)),"") | B29: =IFERROR(INDEX(All_Risk_Apps!$B$4:$B$1233,_xludf.aggregate(15,6,(ROW(All_Risk_Apps!$A$4:$A$1233)-ROW(All_Risk_Apps!$A$4)+1)/((OR(All_Risk_Apps!$D$4:$D$1233={"High","Very High"}))*(All_Risk_Apps!$K$4:$K$1233="No")*(All_Risk_Apps!$A$4:$A$1233<>"")),26)),"") | C29: =IFERROR(INDEX(All_Risk_Apps!$D$4:$D$1233,_xludf.aggregate(15,6,(ROW(All_Risk_Apps!$A$4:$A$1233)-ROW(All_Risk_Apps!$A$4)+1)/((OR(All_Risk_Apps!$D$4:$D$1233={"High","Very High"}))*(All_Risk_Apps!$K$4:$K$1233="No")*(All_Risk_Apps!$A$4:$A$1233<>"")),26)),"") | D29: =IFERROR(INDEX(All_Risk_Apps!$C$4:$C$1233,_xludf.aggregate(15,6,(ROW(All_Risk_Apps!$A$4:$A$1233)-ROW(All_Risk_Apps!$A$4)+1)/((OR(All_Risk_Apps!$D$4:$D$1233={"High","Very High"}))*(All_Risk_Apps!$K$4:$K$1233="No")*(All_Risk_Apps!$A$4:$A$1233<>"")),26)),"") | E29: =IFERROR(INDEX(All_Risk_Apps!$E$4:$E$1233,_xludf.aggregate(15,6,(ROW(All_Risk_Apps!$A$4:$A$1233)-ROW(All_Risk_Apps!$A$4)+1)/((OR(All_Risk_Apps!$D$4:$D$1233={"High","Very High"}))*(All_Risk_Apps!$K$4:$K$1233="No")*(All_Risk_Apps!$A$4:$A$1233<>"")),26)),"") | F29: =IFERROR(INDEX(All_Risk_Apps!$F$4:$F$1233,_xludf.aggregate(15,6,(ROW(All_Risk_Apps!$A$4:$A$1233)-ROW(All_Risk_Apps!$A$4)+1)/((OR(All_Risk_Apps!$D$4:$D$1233={"High","Very High"}))*(All_Risk_Apps!$K$4:$K$1233="No")*(All_Risk_Apps!$A$4:$A$1233<>"")),26)),"") | G29: =IFERROR(INDEX(All_Risk_Apps!$I$4:$I$1233,_xludf.aggregate(15,6,(ROW(All_Risk_Apps!$A$4:$A$1233)-ROW(All_Risk_Apps!$A$4)+1)/((OR(All_Risk_Apps!$D$4:$D$1233={"High","Very High"}))*(All_Risk_Apps!$K$4:$K$1233="No")*(All_Risk_Apps!$A$4:$A$1233<>"")),26)),"") | H29: =IF(B29="","",IFERROR(INDEX(Server_Inventory!$R:$R,MATCH(B29,Server_Inventory!$Z:$Z,0)),"Not Found")) | I29: =IF(B29="","",IFERROR(INDEX(Server_Inventory!$S:$S,MATCH(B29,Server_Inventory!$Z:$Z,0)),"Not Found")) | J29: =IF(B29="","",COUNTIFS(Server_Inventory!$Z:$Z,B29,Server_Inventory!$P:$P,"R-RETIRED_IN_CMDB")) | K29: =IF(B29="","",IFERROR(INDEX(Container_Inventory!$F:$F,MATCH(B29,Container_Inventory!$L:$L,0)),"Not Found")) | L29: =IF(B29="","",IF(COUNTIF(Finding_List!$A:$A,B29)>0,"Yes","No")) | M29: =IF(B29="","",COUNTIF(Server_Inventory!$Z:$Z,B29)) | N29: =IF(B29="","",COUNTIF(Container_Inventory!$L:$L,B29))
A30: =IFERROR(INDEX(All_Risk_Apps!$A$4:$A$1233,_xludf.aggregate(15,6,(ROW(All_Risk_Apps!$A$4:$A$1233)-ROW(All_Risk_Apps!$A$4)+1)/((OR(All_Risk_Apps!$D$4:$D$1233={"High","Very High"}))*(All_Risk_Apps!$K$4:$K$1233="No")*(All_Risk_Apps!$A$4:$A$1233<>"")),27)),"") | B30: =IFERROR(INDEX(All_Risk_Apps!$B$4:$B$1233,_xludf.aggregate(15,6,(ROW(All_Risk_Apps!$A$4:$A$1233)-ROW(All_Risk_Apps!$A$4)+1)/((OR(All_Risk_Apps!$D$4:$D$1233={"High","Very High"}))*(All_Risk_Apps!$K$4:$K$1233="No")*(All_Risk_Apps!$A$4:$A$1233<>"")),27)),"") | C30: =IFERROR(INDEX(All_Risk_Apps!$D$4:$D$1233,_xludf.aggregate(15,6,(ROW(All_Risk_Apps!$A$4:$A$1233)-ROW(All_Risk_Apps!$A$4)+1)/((OR(All_Risk_Apps!$D$4:$D$1233={"High","Very High"}))*(All_Risk_Apps!$K$4:$K$1233="No")*(All_Risk_Apps!$A$4:$A$1233<>"")),27)),"") | D30: =IFERROR(INDEX(All_Risk_Apps!$C$4:$C$1233,_xludf.aggregate(15,6,(ROW(All_Risk_Apps!$A$4:$A$1233)-ROW(All_Risk_Apps!$A$4)+1)/((OR(All_Risk_Apps!$D$4:$D$1233={"High","Very High"}))*(All_Risk_Apps!$K$4:$K$1233="No")*(All_Risk_Apps!$A$4:$A$1233<>"")),27)),"") | E30: =IFERROR(INDEX(All_Risk_Apps!$E$4:$E$1233,_xludf.aggregate(15,6,(ROW(All_Risk_Apps!$A$4:$A$1233)-ROW(All_Risk_Apps!$A$4)+1)/((OR(All_Risk_Apps!$D$4:$D$1233={"High","Very High"}))*(All_Risk_Apps!$K$4:$K$1233="No")*(All_Risk_Apps!$A$4:$A$1233<>"")),27)),"") | F30: =IFERROR(INDEX(All_Risk_Apps!$F$4:$F$1233,_xludf.aggregate(15,6,(ROW(All_Risk_Apps!$A$4:$A$1233)-ROW(All_Risk_Apps!$A$4)+1)/((OR(All_Risk_Apps!$D$4:$D$1233={"High","Very High"}))*(All_Risk_Apps!$K$4:$K$1233="No")*(All_Risk_Apps!$A$4:$A$1233<>"")),27)),"") | G30: =IFERROR(INDEX(All_Risk_Apps!$I$4:$I$1233,_xludf.aggregate(15,6,(ROW(All_Risk_Apps!$A$4:$A$1233)-ROW(All_Risk_Apps!$A$4)+1)/((OR(All_Risk_Apps!$D$4:$D$1233={"High","Very High"}))*(All_Risk_Apps!$K$4:$K$1233="No")*(All_Risk_Apps!$A$4:$A$1233<>"")),27)),"") | H30: =IF(B30="","",IFERROR(INDEX(Server_Inventory!$R:$R,MATCH(B30,Server_Inventory!$Z:$Z,0)),"Not Found")) | I30: =IF(B30="","",IFERROR(INDEX(Server_Inventory!$S:$S,MATCH(B30,Server_Inventory!$Z:$Z,0)),"Not Found")) | J30: =IF(B30="","",COUNTIFS(Server_Inventory!$Z:$Z,B30,Server_Inventory!$P:$P,"R-RETIRED_IN_CMDB")) | K30: =IF(B30="","",IFERROR(INDEX(Container_Inventory!$F:$F,MATCH(B30,Container_Inventory!$L:$L,0)),"Not Found")) | L30: =IF(B30="","",IF(COUNTIF(Finding_List!$A:$A,B30)>0,"Yes","No")) | M30: =IF(B30="","",COUNTIF(Server_Inventory!$Z:$Z,B30)) | N30: =IF(B30="","",COUNTIF(Container_Inventory!$L:$L,B30))
A31: =IFERROR(INDEX(All_Risk_Apps!$A$4:$A$1233,_xludf.aggregate(15,6,(ROW(All_Risk_Apps!$A$4:$A$1233)-ROW(All_Risk_Apps!$A$4)+1)/((OR(All_Risk_Apps!$D$4:$D$1233={"High","Very High"}))*(All_Risk_Apps!$K$4:$K$1233="No")*(All_Risk_Apps!$A$4:$A$1233<>"")),28)),"") | B31: =IFERROR(INDEX(All_Risk_Apps!$B$4:$B$1233,_xludf.aggregate(15,6,(ROW(All_Risk_Apps!$A$4:$A$1233)-ROW(All_Risk_Apps!$A$4)+1)/((OR(All_Risk_Apps!$D$4:$D$1233={"High","Very High"}))*(All_Risk_Apps!$K$4:$K$1233="No")*(All_Risk_Apps!$A$4:$A$1233<>"")),28)),"") | C31: =IFERROR(INDEX(All_Risk_Apps!$D$4:$D$1233,_xludf.aggregate(15,6,(ROW(All_Risk_Apps!$A$4:$A$1233)-ROW(All_Risk_Apps!$A$4)+1)/((OR(All_Risk_Apps!$D$4:$D$1233={"High","Very High"}))*(All_Risk_Apps!$K$4:$K$1233="No")*(All_Risk_Apps!$A$4:$A$1233<>"")),28)),"") | D31: =IFERROR(INDEX(All_Risk_Apps!$C$4:$C$1233,_xludf.aggregate(15,6,(ROW(All_Risk_Apps!$A$4:$A$1233)-ROW(All_Risk_Apps!$A$4)+1)/((OR(All_Risk_Apps!$D$4:$D$1233={"High","Very High"}))*(All_Risk_Apps!$K$4:$K$1233="No")*(All_Risk_Apps!$A$4:$A$1233<>"")),28)),"") | E31: =IFERROR(INDEX(All_Risk_Apps!$E$4:$E$1233,_xludf.aggregate(15,6,(ROW(All_Risk_Apps!$A$4:$A$1233)-ROW(All_Risk_Apps!$A$4)+1)/((OR(All_Risk_Apps!$D$4:$D$1233={"High","Very High"}))*(All_Risk_Apps!$K$4:$K$1233="No")*(All_Risk_Apps!$A$4:$A$1233<>"")),28)),"") | F31: =IFERROR(INDEX(All_Risk_Apps!$F$4:$F$1233,_xludf.aggregate(15,6,(ROW(All_Risk_Apps!$A$4:$A$1233)-ROW(All_Risk_Apps!$A$4)+1)/((OR(All_Risk_Apps!$D$4:$D$1233={"High","Very High"}))*(All_Risk_Apps!$K$4:$K$1233="No")*(All_Risk_Apps!$A$4:$A$1233<>"")),28)),"") | G31: =IFERROR(INDEX(All_Risk_Apps!$I$4:$I$1233,_xludf.aggregate(15,6,(ROW(All_Risk_Apps!$A$4:$A$1233)-ROW(All_Risk_Apps!$A$4)+1)/((OR(All_Risk_Apps!$D$4:$D$1233={"High","Very High"}))*(All_Risk_Apps!$K$4:$K$1233="No")*(All_Risk_Apps!$A$4:$A$1233<>"")),28)),"") | H31: =IF(B31="","",IFERROR(INDEX(Server_Inventory!$R:$R,MATCH(B31,Server_Inventory!$Z:$Z,0)),"Not Found")) | I31: =IF(B31="","",IFERROR(INDEX(Server_Inventory!$S:$S,MATCH(B31,Server_Inventory!$Z:$Z,0)),"Not Found")) | J31: =IF(B31="","",COUNTIFS(Server_Inventory!$Z:$Z,B31,Server_Inventory!$P:$P,"R-RETIRED_IN_CMDB")) | K31: =IF(B31="","",IFERROR(INDEX(Container_Inventory!$F:$F,MATCH(B31,Container_Inventory!$L:$L,0)),"Not Found")) | L31: =IF(B31="","",IF(COUNTIF(Finding_List!$A:$A,B31)>0,"Yes","No")) | M31: =IF(B31="","",COUNTIF(Server_Inventory!$Z:$Z,B31)) | N31: =IF(B31="","",COUNTIF(Container_Inventory!$L:$L,B31))
A32: =IFERROR(INDEX(All_Risk_Apps!$A$4:$A$1233,_xludf.aggregate(15,6,(ROW(All_Risk_Apps!$A$4:$A$1233)-ROW(All_Risk_Apps!$A$4)+1)/((OR(All_Risk_Apps!$D$4:$D$1233={"High","Very High"}))*(All_Risk_Apps!$K$4:$K$1233="No")*(All_Risk_Apps!$A$4:$A$1233<>"")),29)),"") | B32: =IFERROR(INDEX(All_Risk_Apps!$B$4:$B$1233,_xludf.aggregate(15,6,(ROW(All_Risk_Apps!$A$4:$A$1233)-ROW(All_Risk_Apps!$A$4)+1)/((OR(All_Risk_Apps!$D$4:$D$1233={"High","Very High"}))*(All_Risk_Apps!$K$4:$K$1233="No")*(All_Risk_Apps!$A$4:$A$1233<>"")),29)),"") | C32: =IFERROR(INDEX(All_Risk_Apps!$D$4:$D$1233,_xludf.aggregate(15,6,(ROW(All_Risk_Apps!$A$4:$A$1233)-ROW(All_Risk_Apps!$A$4)+1)/((OR(All_Risk_Apps!$D$4:$D$1233={"High","Very High"}))*(All_Risk_Apps!$K$4:$K$1233="No")*(All_Risk_Apps!$A$4:$A$1233<>"")),29)),"") | D32: =IFERROR(INDEX(All_Risk_Apps!$C$4:$C$1233,_xludf.aggregate(15,6,(ROW(All_Risk_Apps!$A$4:$A$1233)-ROW(All_Risk_Apps!$A$4)+1)/((OR(All_Risk_Apps!$D$4:$D$1233={"High","Very High"}))*(All_Risk_Apps!$K$4:$K$1233="No")*(All_Risk_Apps!$A$4:$A$1233<>"")),29)),"") | E32: =IFERROR(INDEX(All_Risk_Apps!$E$4:$E$1233,_xludf.aggregate(15,6,(ROW(All_Risk_Apps!$A$4:$A$1233)-ROW(All_Risk_Apps!$A$4)+1)/((OR(All_Risk_Apps!$D$4:$D$1233={"High","Very High"}))*(All_Risk_Apps!$K$4:$K$1233="No")*(All_Risk_Apps!$A$4:$A$1233<>"")),29)),"") | F32: =IFERROR(INDEX(All_Risk_Apps!$F$4:$F$1233,_xludf.aggregate(15,6,(ROW(All_Risk_Apps!$A$4:$A$1233)-ROW(All_Risk_Apps!$A$4)+1)/((OR(All_Risk_Apps!$D$4:$D$1233={"High","Very High"}))*(All_Risk_Apps!$K$4:$K$1233="No")*(All_Risk_Apps!$A$4:$A$1233<>"")),29)),"") | G32: =IFERROR(INDEX(All_Risk_Apps!$I$4:$I$1233,_xludf.aggregate(15,6,(ROW(All_Risk_Apps!$A$4:$A$1233)-ROW(All_Risk_Apps!$A$4)+1)/((OR(All_Risk_Apps!$D$4:$D$1233={"High","Very High"}))*(All_Risk_Apps!$K$4:$K$1233="No")*(All_Risk_Apps!$A$4:$A$1233<>"")),29)),"") | H32: =IF(B32="","",IFERROR(INDEX(Server_Inventory!$R:$R,MATCH(B32,Server_Inventory!$Z:$Z,0)),"Not Found")) | I32: =IF(B32="","",IFERROR(INDEX(Server_Inventory!$S:$S,MATCH(B32,Server_Inventory!$Z:$Z,0)),"Not Found")) | J32: =IF(B32="","",COUNTIFS(Server_Inventory!$Z:$Z,B32,Server_Inventory!$P:$P,"R-RETIRED_IN_CMDB")) | K32: =IF(B32="","",IFERROR(INDEX(Container_Inventory!$F:$F,MATCH(B32,Container_Inventory!$L:$L,0)),"Not Found")) | L32: =IF(B32="","",IF(COUNTIF(Finding_List!$A:$A,B32)>0,"Yes","No")) | M32: =IF(B32="","",COUNTIF(Server_Inventory!$Z:$Z,B32)) | N32: =IF(B32="","",COUNTIF(Container_Inventory!$L:$L,B32))
A33: =IFERROR(INDEX(All_Risk_Apps!$A$4:$A$1233,_xludf.aggregate(15,6,(ROW(All_Risk_Apps!$A$4:$A$1233)-ROW(All_Risk_Apps!$A$4)+1)/((OR(All_Risk_Apps!$D$4:$D$1233={"High","Very High"}))*(All_Risk_Apps!$K$4:$K$1233="No")*(All_Risk_Apps!$A$4:$A$1233<>"")),30)),"") | B33: =IFERROR(INDEX(All_Risk_Apps!$B$4:$B$1233,_xludf.aggregate(15,6,(ROW(All_Risk_Apps!$A$4:$A$1233)-ROW(All_Risk_Apps!$A$4)+1)/((OR(All_Risk_Apps!$D$4:$D$1233={"High","Very High"}))*(All_Risk_Apps!$K$4:$K$1233="No")*(All_Risk_Apps!$A$4:$A$1233<>"")),30)),"") | C33: =IFERROR(INDEX(All_Risk_Apps!$D$4:$D$1233,_xludf.aggregate(15,6,(ROW(All_Risk_Apps!$A$4:$A$1233)-ROW(All_Risk_Apps!$A$4)+1)/((OR(All_Risk_Apps!$D$4:$D$1233={"High","Very High"}))*(All_Risk_Apps!$K$4:$K$1233="No")*(All_Risk_Apps!$A$4:$A$1233<>"")),30)),"") | D33: =IFERROR(INDEX(All_Risk_Apps!$C$4:$C$1233,_xludf.aggregate(15,6,(ROW(All_Risk_Apps!$A$4:$A$1233)-ROW(All_Risk_Apps!$A$4)+1)/((OR(All_Risk_Apps!$D$4:$D$1233={"High","Very High"}))*(All_Risk_Apps!$K$4:$K$1233="No")*(All_Risk_Apps!$A$4:$A$1233<>"")),30)),"") | E33: =IFERROR(INDEX(All_Risk_Apps!$E$4:$E$1233,_xludf.aggregate(15,6,(ROW(All_Risk_Apps!$A$4:$A$1233)-ROW(All_Risk_Apps!$A$4)+1)/((OR(All_Risk_Apps!$D$4:$D$1233={"High","Very High"}))*(All_Risk_Apps!$K$4:$K$1233="No")*(All_Risk_Apps!$A$4:$A$1233<>"")),30)),"") | F33: =IFERROR(INDEX(All_Risk_Apps!$F$4:$F$1233,_xludf.aggregate(15,6,(ROW(All_Risk_Apps!$A$4:$A$1233)-ROW(All_Risk_Apps!$A$4)+1)/((OR(All_Risk_Apps!$D$4:$D$1233={"High","Very High"}))*(All_Risk_Apps!$K$4:$K$1233="No")*(All_Risk_Apps!$A$4:$A$1233<>"")),30)),"") | G33: =IFERROR(INDEX(All_Risk_Apps!$I$4:$I$1233,_xludf.aggregate(15,6,(ROW(All_Risk_Apps!$A$4:$A$1233)-ROW(All_Risk_Apps!$A$4)+1)/((OR(All_Risk_Apps!$D$4:$D$1233={"High","Very High"}))*(All_Risk_Apps!$K$4:$K$1233="No")*(All_Risk_Apps!$A$4:$A$1233<>"")),30)),"") | H33: =IF(B33="","",IFERROR(INDEX(Server_Inventory!$R:$R,MATCH(B33,Server_Inventory!$Z:$Z,0)),"Not Found")) | I33: =IF(B33="","",IFERROR(INDEX(Server_Inventory!$S:$S,MATCH(B33,Server_Inventory!$Z:$Z,0)),"Not Found")) | J33: =IF(B33="","",COUNTIFS(Server_Inventory!$Z:$Z,B33,Server_Inventory!$P:$P,"R-RETIRED_IN_CMDB")) | K33: =IF(B33="","",IFERROR(INDEX(Container_Inventory!$F:$F,MATCH(B33,Container_Inventory!$L:$L,0)),"Not Found")) | L33: =IF(B33="","",IF(COUNTIF(Finding_List!$A:$A,B33)>0,"Yes","No")) | M33: =IF(B33="","",COUNTIF(Server_Inventory!$Z:$Z,B33)) | N33: =IF(B33="","",COUNTIF(Container_Inventory!$L:$L,B33))
A34: =IFERROR(INDEX(All_Risk_Apps!$A$4:$A$1233,_xludf.aggregate(15,6,(ROW(All_Risk_Apps!$A$4:$A$1233)-ROW(All_Risk_Apps!$A$4)+1)/((OR(All_Risk_Apps!$D$4:$D$1233={"High","Very High"}))*(All_Risk_Apps!$K$4:$K$1233="No")*(All_Risk_Apps!$A$4:$A$1233<>"")),31)),"") | B34: =IFERROR(INDEX(All_Risk_Apps!$B$4:$B$1233,_xludf.aggregate(15,6,(ROW(All_Risk_Apps!$A$4:$A$1233)-ROW(All_Risk_Apps!$A$4)+1)/((OR(All_Risk_Apps!$D$4:$D$1233={"High","Very High"}))*(All_Risk_Apps!$K$4:$K$1233="No")*(All_Risk_Apps!$A$4:$A$1233<>"")),31)),"") | C34: =IFERROR(INDEX(All_Risk_Apps!$D$4:$D$1233,_xludf.aggregate(15,6,(ROW(All_Risk_Apps!$A$4:$A$1233)-ROW(All_Risk_Apps!$A$4)+1)/((OR(All_Risk_Apps!$D$4:$D$1233={"High","Very High"}))*(All_Risk_Apps!$K$4:$K$1233="No")*(All_Risk_Apps!$A$4:$A$1233<>"")),31)),"") | D34: =IFERROR(INDEX(All_Risk_Apps!$C$4:$C$1233,_xludf.aggregate(15,6,(ROW(All_Risk_Apps!$A$4:$A$1233)-ROW(All_Risk_Apps!$A$4)+1)/((OR(All_Risk_Apps!$D$4:$D$1233={"High","Very High"}))*(All_Risk_Apps!$K$4:$K$1233="No")*(All_Risk_Apps!$A$4:$A$1233<>"")),31)),"") | E34: =IFERROR(INDEX(All_Risk_Apps!$E$4:$E$1233,_xludf.aggregate(15,6,(ROW(All_Risk_Apps!$A$4:$A$1233)-ROW(All_Risk_Apps!$A$4)+1)/((OR(All_Risk_Apps!$D$4:$D$1233={"High","Very High"}))*(All_Risk_Apps!$K$4:$K$1233="No")*(All_Risk_Apps!$A$4:$A$1233<>"")),31)),"") | F34: =IFERROR(INDEX(All_Risk_Apps!$F$4:$F$1233,_xludf.aggregate(15,6,(ROW(All_Risk_Apps!$A$4:$A$1233)-ROW(All_Risk_Apps!$A$4)+1)/((OR(All_Risk_Apps!$D$4:$D$1233={"High","Very High"}))*(All_Risk_Apps!$K$4:$K$1233="No")*(All_Risk_Apps!$A$4:$A$1233<>"")),31)),"") | G34: =IFERROR(INDEX(All_Risk_Apps!$I$4:$I$1233,_xludf.aggregate(15,6,(ROW(All_Risk_Apps!$A$4:$A$1233)-ROW(All_Risk_Apps!$A$4)+1)/((OR(All_Risk_Apps!$D$4:$D$1233={"High","Very High"}))*(All_Risk_Apps!$K$4:$K$1233="No")*(All_Risk_Apps!$A$4:$A$1233<>"")),31)),"") | H34: =IF(B34="","",IFERROR(INDEX(Server_Inventory!$R:$R,MATCH(B34,Server_Inventory!$Z:$Z,0)),"Not Found")) | I34: =IF(B34="","",IFERROR(INDEX(Server_Inventory!$S:$S,MATCH(B34,Server_Inventory!$Z:$Z,0)),"Not Found")) | J34: =IF(B34="","",COUNTIFS(Server_Inventory!$Z:$Z,B34,Server_Inventory!$P:$P,"R-RETIRED_IN_CMDB")) | K34: =IF(B34="","",IFERROR(INDEX(Container_Inventory!$F:$F,MATCH(B34,Container_Inventory!$L:$L,0)),"Not Found")) | L34: =IF(B34="","",IF(COUNTIF(Finding_List!$A:$A,B34)>0,"Yes","No")) | M34: =IF(B34="","",COUNTIF(Server_Inventory!$Z:$Z,B34)) | N34: =IF(B34="","",COUNTIF(Container_Inventory!$L:$L,B34))
A35: =IFERROR(INDEX(All_Risk_Apps!$A$4:$A$1233,_xludf.aggregate(15,6,(ROW(All_Risk_Apps!$A$4:$A$1233)-ROW(All_Risk_Apps!$A$4)+1)/((OR(All_Risk_Apps!$D$4:$D$1233={"High","Very High"}))*(All_Risk_Apps!$K$4:$K$1233="No")*(All_Risk_Apps!$A$4:$A$1233<>"")),32)),"") | B35: =IFERROR(INDEX(All_Risk_Apps!$B$4:$B$1233,_xludf.aggregate(15,6,(ROW(All_Risk_Apps!$A$4:$A$1233)-ROW(All_Risk_Apps!$A$4)+1)/((OR(All_Risk_Apps!$D$4:$D$1233={"High","Very High"}))*(All_Risk_Apps!$K$4:$K$1233="No")*(All_Risk_Apps!$A$4:$A$1233<>"")),32)),"") | C35: =IFERROR(INDEX(All_Risk_Apps!$D$4:$D$1233,_xludf.aggregate(15,6,(ROW(All_Risk_Apps!$A$4:$A$1233)-ROW(All_Risk_Apps!$A$4)+1)/((OR(All_Risk_Apps!$D$4:$D$1233={"High","Very High"}))*(All_Risk_Apps!$K$4:$K$1233="No")*(All_Risk_Apps!$A$4:$A$1233<>"")),32)),"") | D35: =IFERROR(INDEX(All_Risk_Apps!$C$4:$C$1233,_xludf.aggregate(15,6,(ROW(All_Risk_Apps!$A$4:$A$1233)-ROW(All_Risk_Apps!$A$4)+1)/((OR(All_Risk_Apps!$D$4:$D$1233={"High","Very High"}))*(All_Risk_Apps!$K$4:$K$1233="No")*(All_Risk_Apps!$A$4:$A$1233<>"")),32)),"") | E35: =IFERROR(INDEX(All_Risk_Apps!$E$4:$E$1233,_xludf.aggregate(15,6,(ROW(All_Risk_Apps!$A$4:$A$1233)-ROW(All_Risk_Apps!$A$4)+1)/((OR(All_Risk_Apps!$D$4:$D$1233={"High","Very High"}))*(All_Risk_Apps!$K$4:$K$1233="No")*(All_Risk_Apps!$A$4:$A$1233<>"")),32)),"") | F35: =IFERROR(INDEX(All_Risk_Apps!$F$4:$F$1233,_xludf.aggregate(15,6,(ROW(All_Risk_Apps!$A$4:$A$1233)-ROW(All_Risk_Apps!$A$4)+1)/((OR(All_Risk_Apps!$D$4:$D$1233={"High","Very High"}))*(All_Risk_Apps!$K$4:$K$1233="No")*(All_Risk_Apps!$A$4:$A$1233<>"")),32)),"") | G35: =IFERROR(INDEX(All_Risk_Apps!$I$4:$I$1233,_xludf.aggregate(15,6,(ROW(All_Risk_Apps!$A$4:$A$1233)-ROW(All_Risk_Apps!$A$4)+1)/((OR(All_Risk_Apps!$D$4:$D$1233={"High","Very High"}))*(All_Risk_Apps!$K$4:$K$1233="No")*(All_Risk_Apps!$A$4:$A$1233<>"")),32)),"") | H35: =IF(B35="","",IFERROR(INDEX(Server_Inventory!$R:$R,MATCH(B35,Server_Inventory!$Z:$Z,0)),"Not Found")) | I35: =IF(B35="","",IFERROR(INDEX(Server_Inventory!$S:$S,MATCH(B35,Server_Inventory!$Z:$Z,0)),"Not Found")) | J35: =IF(B35="","",COUNTIFS(Server_Inventory!$Z:$Z,B35,Server_Inventory!$P:$P,"R-RETIRED_IN_CMDB")) | K35: =IF(B35="","",IFERROR(INDEX(Container_Inventory!$F:$F,MATCH(B35,Container_Inventory!$L:$L,0)),"Not Found")) | L35: =IF(B35="","",IF(COUNTIF(Finding_List!$A:$A,B35)>0,"Yes","No")) | M35: =IF(B35="","",COUNTIF(Server_Inventory!$Z:$Z,B35)) | N35: =IF(B35="","",COUNTIF(Container_Inventory!$L:$L,B35))
A36: =IFERROR(INDEX(All_Risk_Apps!$A$4:$A$1233,_xludf.aggregate(15,6,(ROW(All_Risk_Apps!$A$4:$A$1233)-ROW(All_Risk_Apps!$A$4)+1)/((OR(All_Risk_Apps!$D$4:$D$1233={"High","Very High"}))*(All_Risk_Apps!$K$4:$K$1233="No")*(All_Risk_Apps!$A$4:$A$1233<>"")),33)),"") | B36: =IFERROR(INDEX(All_Risk_Apps!$B$4:$B$1233,_xludf.aggregate(15,6,(ROW(All_Risk_Apps!$A$4:$A$1233)-ROW(All_Risk_Apps!$A$4)+1)/((OR(All_Risk_Apps!$D$4:$D$1233={"High","Very High"}))*(All_Risk_Apps!$K$4:$K$1233="No")*(All_Risk_Apps!$A$4:$A$1233<>"")),33)),"") | C36: =IFERROR(INDEX(All_Risk_Apps!$D$4:$D$1233,_xludf.aggregate(15,6,(ROW(All_Risk_Apps!$A$4:$A$1233)-ROW(All_Risk_Apps!$A$4)+1)/((OR(All_Risk_Apps!$D$4:$D$1233={"High","Very High"}))*(All_Risk_Apps!$K$4:$K$1233="No")*(All_Risk_Apps!$A$4:$A$1233<>"")),33)),"") | D36: =IFERROR(INDEX(All_Risk_Apps!$C$4:$C$1233,_xludf.aggregate(15,6,(ROW(All_Risk_Apps!$A$4:$A$1233)-ROW(All_Risk_Apps!$A$4)+1)/((OR(All_Risk_Apps!$D$4:$D$1233={"High","Very High"}))*(All_Risk_Apps!$K$4:$K$1233="No")*(All_Risk_Apps!$A$4:$A$1233<>"")),33)),"") | E36: =IFERROR(INDEX(All_Risk_Apps!$E$4:$E$1233,_xludf.aggregate(15,6,(ROW(All_Risk_Apps!$A$4:$A$1233)-ROW(All_Risk_Apps!$A$4)+1)/((OR(All_Risk_Apps!$D$4:$D$1233={"High","Very High"}))*(All_Risk_Apps!$K$4:$K$1233="No")*(All_Risk_Apps!$A$4:$A$1233<>"")),33)),"") | F36: =IFERROR(INDEX(All_Risk_Apps!$F$4:$F$1233,_xludf.aggregate(15,6,(ROW(All_Risk_Apps!$A$4:$A$1233)-ROW(All_Risk_Apps!$A$4)+1)/((OR(All_Risk_Apps!$D$4:$D$1233={"High","Very High"}))*(All_Risk_Apps!$K$4:$K$1233="No")*(All_Risk_Apps!$A$4:$A$1233<>"")),33)),"") | G36: =IFERROR(INDEX(All_Risk_Apps!$I$4:$I$1233,_xludf.aggregate(15,6,(ROW(All_Risk_Apps!$A$4:$A$1233)-ROW(All_Risk_Apps!$A$4)+1)/((OR(All_Risk_Apps!$D$4:$D$1233={"High","Very High"}))*(All_Risk_Apps!$K$4:$K$1233="No")*(All_Risk_Apps!$A$4:$A$1233<>"")),33)),"") | H36: =IF(B36="","",IFERROR(INDEX(Server_Inventory!$R:$R,MATCH(B36,Server_Inventory!$Z:$Z,0)),"Not Found")) | I36: =IF(B36="","",IFERROR(INDEX(Server_Inventory!$S:$S,MATCH(B36,Server_Inventory!$Z:$Z,0)),"Not Found")) | J36: =IF(B36="","",COUNTIFS(Server_Inventory!$Z:$Z,B36,Server_Inventory!$P:$P,"R-RETIRED_IN_CMDB")) | K36: =IF(B36="","",IFERROR(INDEX(Container_Inventory!$F:$F,MATCH(B36,Container_Inventory!$L:$L,0)),"Not Found")) | L36: =IF(B36="","",IF(COUNTIF(Finding_List!$A:$A,B36)>0,"Yes","No")) | M36: =IF(B36="","",COUNTIF(Server_Inventory!$Z:$Z,B36)) | N36: =IF(B36="","",COUNTIF(Container_Inventory!$L:$L,B36))
A37: =IFERROR(INDEX(All_Risk_Apps!$A$4:$A$1233,_xludf.aggregate(15,6,(ROW(All_Risk_Apps!$A$4:$A$1233)-ROW(All_Risk_Apps!$A$4)+1)/((OR(All_Risk_Apps!$D$4:$D$1233={"High","Very High"}))*(All_Risk_Apps!$K$4:$K$1233="No")*(All_Risk_Apps!$A$4:$A$1233<>"")),34)),"") | B37: =IFERROR(INDEX(All_Risk_Apps!$B$4:$B$1233,_xludf.aggregate(15,6,(ROW(All_Risk_Apps!$A$4:$A$1233)-ROW(All_Risk_Apps!$A$4)+1)/((OR(All_Risk_Apps!$D$4:$D$1233={"High","Very High"}))*(All_Risk_Apps!$K$4:$K$1233="No")*(All_Risk_Apps!$A$4:$A$1233<>"")),34)),"") | C37: =IFERROR(INDEX(All_Risk_Apps!$D$4:$D$1233,_xludf.aggregate(15,6,(ROW(All_Risk_Apps!$A$4:$A$1233)-ROW(All_Risk_Apps!$A$4)+1)/((OR(All_Risk_Apps!$D$4:$D$1233={"High","Very High"}))*(All_Risk_Apps!$K$4:$K$1233="No")*(All_Risk_Apps!$A$4:$A$1233<>"")),34)),"") | D37: =IFERROR(INDEX(All_Risk_Apps!$C$4:$C$1233,_xludf.aggregate(15,6,(ROW(All_Risk_Apps!$A$4:$A$1233)-ROW(All_Risk_Apps!$A$4)+1)/((OR(All_Risk_Apps!$D$4:$D$1233={"High","Very High"}))*(All_Risk_Apps!$K$4:$K$1233="No")*(All_Risk_Apps!$A$4:$A$1233<>"")),34)),"") | E37: =IFERROR(INDEX(All_Risk_Apps!$E$4:$E$1233,_xludf.aggregate(15,6,(ROW(All_Risk_Apps!$A$4:$A$1233)-ROW(All_Risk_Apps!$A$4)+1)/((OR(All_Risk_Apps!$D$4:$D$1233={"High","Very High"}))*(All_Risk_Apps!$K$4:$K$1233="No")*(All_Risk_Apps!$A$4:$A$1233<>"")),34)),"") | F37: =IFERROR(INDEX(All_Risk_Apps!$F$4:$F$1233,_xludf.aggregate(15,6,(ROW(All_Risk_Apps!$A$4:$A$1233)-ROW(All_Risk_Apps!$A$4)+1)/((OR(All_Risk_Apps!$D$4:$D$1233={"High","Very High"}))*(All_Risk_Apps!$K$4:$K$1233="No")*(All_Risk_Apps!$A$4:$A$1233<>"")),34)),"") | G37: =IFERROR(INDEX(All_Risk_Apps!$I$4:$I$1233,_xludf.aggregate(15,6,(ROW(All_Risk_Apps!$A$4:$A$1233)-ROW(All_Risk_Apps!$A$4)+1)/((OR(All_Risk_Apps!$D$4:$D$1233={"High","Very High"}))*(All_Risk_Apps!$K$4:$K$1233="No")*(All_Risk_Apps!$A$4:$A$1233<>"")),34)),"") | H37: =IF(B37="","",IFERROR(INDEX(Server_Inventory!$R:$R,MATCH(B37,Server_Inventory!$Z:$Z,0)),"Not Found")) | I37: =IF(B37="","",IFERROR(INDEX(Server_Inventory!$S:$S,MATCH(B37,Server_Inventory!$Z:$Z,0)),"Not Found")) | J37: =IF(B37="","",COUNTIFS(Server_Inventory!$Z:$Z,B37,Server_Inventory!$P:$P,"R-RETIRED_IN_CMDB")) | K37: =IF(B37="","",IFERROR(INDEX(Container_Inventory!$F:$F,MATCH(B37,Container_Inventory!$L:$L,0)),"Not Found")) | L37: =IF(B37="","",IF(COUNTIF(Finding_List!$A:$A,B37)>0,"Yes","No")) | M37: =IF(B37="","",COUNTIF(Server_Inventory!$Z:$Z,B37)) | N37: =IF(B37="","",COUNTIF(Container_Inventory!$L:$L,B37))
A38: =IFERROR(INDEX(All_Risk_Apps!$A$4:$A$1233,_xludf.aggregate(15,6,(ROW(All_Risk_Apps!$A$4:$A$1233)-ROW(All_Risk_Apps!$A$4)+1)/((OR(All_Risk_Apps!$D$4:$D$1233={"High","Very High"}))*(All_Risk_Apps!$K$4:$K$1233="No")*(All_Risk_Apps!$A$4:$A$1233<>"")),35)),"") | B38: =IFERROR(INDEX(All_Risk_Apps!$B$4:$B$1233,_xludf.aggregate(15,6,(ROW(All_Risk_Apps!$A$4:$A$1233)-ROW(All_Risk_Apps!$A$4)+1)/((OR(All_Risk_Apps!$D$4:$D$1233={"High","Very High"}))*(All_Risk_Apps!$K$4:$K$1233="No")*(All_Risk_Apps!$A$4:$A$1233<>"")),35)),"") | C38: =IFERROR(INDEX(All_Risk_Apps!$D$4:$D$1233,_xludf.aggregate(15,6,(ROW(All_Risk_Apps!$A$4:$A$1233)-ROW(All_Risk_Apps!$A$4)+1)/((OR(All_Risk_Apps!$D$4:$D$1233={"High","Very High"}))*(All_Risk_Apps!$K$4:$K$1233="No")*(All_Risk_Apps!$A$4:$A$1233<>"")),35)),"") | D38: =IFERROR(INDEX(All_Risk_Apps!$C$4:$C$1233,_xludf.aggregate(15,6,(ROW(All_Risk_Apps!$A$4:$A$1233)-ROW(All_Risk_Apps!$A$4)+1)/((OR(All_Risk_Apps!$D$4:$D$1233={"High","Very High"}))*(All_Risk_Apps!$K$4:$K$1233="No")*(All_Risk_Apps!$A$4:$A$1233<>"")),35)),"") | E38: =IFERROR(INDEX(All_Risk_Apps!$E$4:$E$1233,_xludf.aggregate(15,6,(ROW(All_Risk_Apps!$A$4:$A$1233)-ROW(All_Risk_Apps!$A$4)+1)/((OR(All_Risk_Apps!$D$4:$D$1233={"High","Very High"}))*(All_Risk_Apps!$K$4:$K$1233="No")*(All_Risk_Apps!$A$4:$A$1233<>"")),35)),"") | F38: =IFERROR(INDEX(All_Risk_Apps!$F$4:$F$1233,_xludf.aggregate(15,6,(ROW(All_Risk_Apps!$A$4:$A$1233)-ROW(All_Risk_Apps!$A$4)+1)/((OR(All_Risk_Apps!$D$4:$D$1233={"High","Very High"}))*(All_Risk_Apps!$K$4:$K$1233="No")*(All_Risk_Apps!$A$4:$A$1233<>"")),35)),"") | G38: =IFERROR(INDEX(All_Risk_Apps!$I$4:$I$1233,_xludf.aggregate(15,6,(ROW(All_Risk_Apps!$A$4:$A$1233)-ROW(All_Risk_Apps!$A$4)+1)/((OR(All_Risk_Apps!$D$4:$D$1233={"High","Very High"}))*(All_Risk_Apps!$K$4:$K$1233="No")*(All_Risk_Apps!$A$4:$A$1233<>"")),35)),"") | H38: =IF(B38="","",IFERROR(INDEX(Server_Inventory!$R:$R,MATCH(B38,Server_Inventory!$Z:$Z,0)),"Not Found")) | I38: =IF(B38="","",IFERROR(INDEX(Server_Inventory!$S:$S,MATCH(B38,Server_Inventory!$Z:$Z,0)),"Not Found")) | J38: =IF(B38="","",COUNTIFS(Server_Inventory!$Z:$Z,B38,Server_Inventory!$P:$P,"R-RETIRED_IN_CMDB")) | K38: =IF(B38="","",IFERROR(INDEX(Container_Inventory!$F:$F,MATCH(B38,Container_Inventory!$L:$L,0)),"Not Found")) | L38: =IF(B38="","",IF(COUNTIF(Finding_List!$A:$A,B38)>0,"Yes","No")) | M38: =IF(B38="","",COUNTIF(Server_Inventory!$Z:$Z,B38)) | N38: =IF(B38="","",COUNTIF(Container_Inventory!$L:$L,B38))
A39: =IFERROR(INDEX(All_Risk_Apps!$A$4:$A$1233,_xludf.aggregate(15,6,(ROW(All_Risk_Apps!$A$4:$A$1233)-ROW(All_Risk_Apps!$A$4)+1)/((OR(All_Risk_Apps!$D$4:$D$1233={"High","Very High"}))*(All_Risk_Apps!$K$4:$K$1233="No")*(All_Risk_Apps!$A$4:$A$1233<>"")),36)),"") | B39: =IFERROR(INDEX(All_Risk_Apps!$B$4:$B$1233,_xludf.aggregate(15,6,(ROW(All_Risk_Apps!$A$4:$A$1233)-ROW(All_Risk_Apps!$A$4)+1)/((OR(All_Risk_Apps!$D$4:$D$1233={"High","Very High"}))*(All_Risk_Apps!$K$4:$K$1233="No")*(All_Risk_Apps!$A$4:$A$1233<>"")),36)),"") | C39: =IFERROR(INDEX(All_Risk_Apps!$D$4:$D$1233,_xludf.aggregate(15,6,(ROW(All_Risk_Apps!$A$4:$A$1233)-ROW(All_Risk_Apps!$A$4)+1)/((OR(All_Risk_Apps!$D$4:$D$1233={"High","Very High"}))*(All_Risk_Apps!$K$4:$K$1233="No")*(All_Risk_Apps!$A$4:$A$1233<>"")),36)),"") | D39: =IFERROR(INDEX(All_Risk_Apps!$C$4:$C$1233,_xludf.aggregate(15,6,(ROW(All_Risk_Apps!$A$4:$A$1233)-ROW(All_Risk_Apps!$A$4)+1)/((OR(All_Risk_Apps!$D$4:$D$1233={"High","Very High"}))*(All_Risk_Apps!$K$4:$K$1233="No")*(All_Risk_Apps!$A$4:$A$1233<>"")),36)),"") | E39: =IFERROR(INDEX(All_Risk_Apps!$E$4:$E$1233,_xludf.aggregate(15,6,(ROW(All_Risk_Apps!$A$4:$A$1233)-ROW(All_Risk_Apps!$A$4)+1)/((OR(All_Risk_Apps!$D$4:$D$1233={"High","Very High"}))*(All_Risk_Apps!$K$4:$K$1233="No")*(All_Risk_Apps!$A$4:$A$1233<>"")),36)),"") | F39: =IFERROR(INDEX(All_Risk_Apps!$F$4:$F$1233,_xludf.aggregate(15,6,(ROW(All_Risk_Apps!$A$4:$A$1233)-ROW(All_Risk_Apps!$A$4)+1)/((OR(All_Risk_Apps!$D$4:$D$1233={"High","Very High"}))*(All_Risk_Apps!$K$4:$K$1233="No")*(All_Risk_Apps!$A$4:$A$1233<>"")),36)),"") | G39: =IFERROR(INDEX(All_Risk_Apps!$I$4:$I$1233,_xludf.aggregate(15,6,(ROW(All_Risk_Apps!$A$4:$A$1233)-ROW(All_Risk_Apps!$A$4)+1)/((OR(All_Risk_Apps!$D$4:$D$1233={"High","Very High"}))*(All_Risk_Apps!$K$4:$K$1233="No")*(All_Risk_Apps!$A$4:$A$1233<>"")),36)),"") | H39: =IF(B39="","",IFERROR(INDEX(Server_Inventory!$R:$R,MATCH(B39,Server_Inventory!$Z:$Z,0)),"Not Found")) | I39: =IF(B39="","",IFERROR(INDEX(Server_Inventory!$S:$S,MATCH(B39,Server_Inventory!$Z:$Z,0)),"Not Found")) | J39: =IF(B39="","",COUNTIFS(Server_Inventory!$Z:$Z,B39,Server_Inventory!$P:$P,"R-RETIRED_IN_CMDB")) | K39: =IF(B39="","",IFERROR(INDEX(Container_Inventory!$F:$F,MATCH(B39,Container_Inventory!$L:$L,0)),"Not Found")) | L39: =IF(B39="","",IF(COUNTIF(Finding_List!$A:$A,B39)>0,"Yes","No")) | M39: =IF(B39="","",COUNTIF(Server_Inventory!$Z:$Z,B39)) | N39: =IF(B39="","",COUNTIF(Container_Inventory!$L:$L,B39))
A40: =IFERROR(INDEX(All_Risk_Apps!$A$4:$A$1233,_xludf.aggregate(15,6,(ROW(All_Risk_Apps!$A$4:$A$1233)-ROW(All_Risk_Apps!$A$4)+1)/((OR(All_Risk_Apps!$D$4:$D$1233={"High","Very High"}))*(All_Risk_Apps!$K$4:$K$1233="No")*(All_Risk_Apps!$A$4:$A$1233<>"")),37)),"") | B40: =IFERROR(INDEX(All_Risk_Apps!$B$4:$B$1233,_xludf.aggregate(15,6,(ROW(All_Risk_Apps!$A$4:$A$1233)-ROW(All_Risk_Apps!$A$4)+1)/((OR(All_Risk_Apps!$D$4:$D$1233={"High","Very High"}))*(All_Risk_Apps!$K$4:$K$1233="No")*(All_Risk_Apps!$A$4:$A$1233<>"")),37)),"") | C40: =IFERROR(INDEX(All_Risk_Apps!$D$4:$D$1233,_xludf.aggregate(15,6,(ROW(All_Risk_Apps!$A$4:$A$1233)-ROW(All_Risk_Apps!$A$4)+1)/((OR(All_Risk_Apps!$D$4:$D$1233={"High","Very High"}))*(All_Risk_Apps!$K$4:$K$1233="No")*(All_Risk_Apps!$A$4:$A$1233<>"")),37)),"") | D40: =IFERROR(INDEX(All_Risk_Apps!$C$4:$C$1233,_xludf.aggregate(15,6,(ROW(All_Risk_Apps!$A$4:$A$1233)-ROW(All_Risk_Apps!$A$4)+1)/((OR(All_Risk_Apps!$D$4:$D$1233={"High","Very High"}))*(All_Risk_Apps!$K$4:$K$1233="No")*(All_Risk_Apps!$A$4:$A$1233<>"")),37)),"") | E40: =IFERROR(INDEX(All_Risk_Apps!$E$4:$E$1233,_xludf.aggregate(15,6,(ROW(All_Risk_Apps!$A$4:$A$1233)-ROW(All_Risk_Apps!$A$4)+1)/((OR(All_Risk_Apps!$D$4:$D$1233={"High","Very High"}))*(All_Risk_Apps!$K$4:$K$1233="No")*(All_Risk_Apps!$A$4:$A$1233<>"")),37)),"") | F40: =IFERROR(INDEX(All_Risk_Apps!$F$4:$F$1233,_xludf.aggregate(15,6,(ROW(All_Risk_Apps!$A$4:$A$1233)-ROW(All_Risk_Apps!$A$4)+1)/((OR(All_Risk_Apps!$D$4:$D$1233={"High","Very High"}))*(All_Risk_Apps!$K$4:$K$1233="No")*(All_Risk_Apps!$A$4:$A$1233<>"")),37)),"") | G40: =IFERROR(INDEX(All_Risk_Apps!$I$4:$I$1233,_xludf.aggregate(15,6,(ROW(All_Risk_Apps!$A$4:$A$1233)-ROW(All_Risk_Apps!$A$4)+1)/((OR(All_Risk_Apps!$D$4:$D$1233={"High","Very High"}))*(All_Risk_Apps!$K$4:$K$1233="No")*(All_Risk_Apps!$A$4:$A$1233<>"")),37)),"") | H40: =IF(B40="","",IFERROR(INDEX(Server_Inventory!$R:$R,MATCH(B40,Server_Inventory!$Z:$Z,0)),"Not Found")) | I40: =IF(B40="","",IFERROR(INDEX(Server_Inventory!$S:$S,MATCH(B40,Server_Inventory!$Z:$Z,0)),"Not Found")) | J40: =IF(B40="","",COUNTIFS(Server_Inventory!$Z:$Z,B40,Server_Inventory!$P:$P,"R-RETIRED_IN_CMDB")) | K40: =IF(B40="","",IFERROR(INDEX(Container_Inventory!$F:$F,MATCH(B40,Container_Inventory!$L:$L,0)),"Not Found")) | L40: =IF(B40="","",IF(COUNTIF(Finding_List!$A:$A,B40)>0,"Yes","No")) | M40: =IF(B40="","",COUNTIF(Server_Inventory!$Z:$Z,B40)) | N40: =IF(B40="","",COUNTIF(Container_Inventory!$L:$L,B40))
A41: =IFERROR(INDEX(All_Risk_Apps!$A$4:$A$1233,_xludf.aggregate(15,6,(ROW(All_Risk_Apps!$A$4:$A$1233)-ROW(All_Risk_Apps!$A$4)+1)/((OR(All_Risk_Apps!$D$4:$D$1233={"High","Very High"}))*(All_Risk_Apps!$K$4:$K$1233="No")*(All_Risk_Apps!$A$4:$A$1233<>"")),38)),"") | B41: =IFERROR(INDEX(All_Risk_Apps!$B$4:$B$1233,_xludf.aggregate(15,6,(ROW(All_Risk_Apps!$A$4:$A$1233)-ROW(All_Risk_Apps!$A$4)+1)/((OR(All_Risk_Apps!$D$4:$D$1233={"High","Very High"}))*(All_Risk_Apps!$K$4:$K$1233="No")*(All_Risk_Apps!$A$4:$A$1233<>"")),38)),"") | C41: =IFERROR(INDEX(All_Risk_Apps!$D$4:$D$1233,_xludf.aggregate(15,6,(ROW(All_Risk_Apps!$A$4:$A$1233)-ROW(All_Risk_Apps!$A$4)+1)/((OR(All_Risk_Apps!$D$4:$D$1233={"High","Very High"}))*(All_Risk_Apps!$K$4:$K$1233="No")*(All_Risk_Apps!$A$4:$A$1233<>"")),38)),"") | D41: =IFERROR(INDEX(All_Risk_Apps!$C$4:$C$1233,_xludf.aggregate(15,6,(ROW(All_Risk_Apps!$A$4:$A$1233)-ROW(All_Risk_Apps!$A$4)+1)/((OR(All_Risk_Apps!$D$4:$D$1233={"High","Very High"}))*(All_Risk_Apps!$K$4:$K$1233="No")*(All_Risk_Apps!$A$4:$A$1233<>"")),38)),"") | E41: =IFERROR(INDEX(All_Risk_Apps!$E$4:$E$1233,_xludf.aggregate(15,6,(ROW(All_Risk_Apps!$A$4:$A$1233)-ROW(All_Risk_Apps!$A$4)+1)/((OR(All_Risk_Apps!$D$4:$D$1233={"High","Very High"}))*(All_Risk_Apps!$K$4:$K$1233="No")*(All_Risk_Apps!$A$4:$A$1233<>"")),38)),"") | F41: =IFERROR(INDEX(All_Risk_Apps!$F$4:$F$1233,_xludf.aggregate(15,6,(ROW(All_Risk_Apps!$A$4:$A$1233)-ROW(All_Risk_Apps!$A$4)+1)/((OR(All_Risk_Apps!$D$4:$D$1233={"High","Very High"}))*(All_Risk_Apps!$K$4:$K$1233="No")*(All_Risk_Apps!$A$4:$A$1233<>"")),38)),"") | G41: =IFERROR(INDEX(All_Risk_Apps!$I$4:$I$1233,_xludf.aggregate(15,6,(ROW(All_Risk_Apps!$A$4:$A$1233)-ROW(All_Risk_Apps!$A$4)+1)/((OR(All_Risk_Apps!$D$4:$D$1233={"High","Very High"}))*(All_Risk_Apps!$K$4:$K$1233="No")*(All_Risk_Apps!$A$4:$A$1233<>"")),38)),"") | H41: =IF(B41="","",IFERROR(INDEX(Server_Inventory!$R:$R,MATCH(B41,Server_Inventory!$Z:$Z,0)),"Not Found")) | I41: =IF(B41="","",IFERROR(INDEX(Server_Inventory!$S:$S,MATCH(B41,Server_Inventory!$Z:$Z,0)),"Not Found")) | J41: =IF(B41="","",COUNTIFS(Server_Inventory!$Z:$Z,B41,Server_Inventory!$P:$P,"R-RETIRED_IN_CMDB")) | K41: =IF(B41="","",IFERROR(INDEX(Container_Inventory!$F:$F,MATCH(B41,Container_Inventory!$L:$L,0)),"Not Found")) | L41: =IF(B41="","",IF(COUNTIF(Finding_List!$A:$A,B41)>0,"Yes","No")) | M41: =IF(B41="","",COUNTIF(Server_Inventory!$Z:$Z,B41)) | N41: =IF(B41="","",COUNTIF(Container_Inventory!$L:$L,B41))
A42: =IFERROR(INDEX(All_Risk_Apps!$A$4:$A$1233,_xludf.aggregate(15,6,(ROW(All_Risk_Apps!$A$4:$A$1233)-ROW(All_Risk_Apps!$A$4)+1)/((OR(All_Risk_Apps!$D$4:$D$1233={"High","Very High"}))*(All_Risk_Apps!$K$4:$K$1233="No")*(All_Risk_Apps!$A$4:$A$1233<>"")),39)),"") | B42: =IFERROR(INDEX(All_Risk_Apps!$B$4:$B$1233,_xludf.aggregate(15,6,(ROW(All_Risk_Apps!$A$4:$A$1233)-ROW(All_Risk_Apps!$A$4)+1)/((OR(All_Risk_Apps!$D$4:$D$1233={"High","Very High"}))*(All_Risk_Apps!$K$4:$K$1233="No")*(All_Risk_Apps!$A$4:$A$1233<>"")),39)),"") | C42: =IFERROR(INDEX(All_Risk_Apps!$D$4:$D$1233,_xludf.aggregate(15,6,(ROW(All_Risk_Apps!$A$4:$A$1233)-ROW(All_Risk_Apps!$A$4)+1)/((OR(All_Risk_Apps!$D$4:$D$1233={"High","Very High"}))*(All_Risk_Apps!$K$4:$K$1233="No")*(All_Risk_Apps!$A$4:$A$1233<>"")),39)),"") | D42: =IFERROR(INDEX(All_Risk_Apps!$C$4:$C$1233,_xludf.aggregate(15,6,(ROW(All_Risk_Apps!$A$4:$A$1233)-ROW(All_Risk_Apps!$A$4)+1)/((OR(All_Risk_Apps!$D$4:$D$1233={"High","Very High"}))*(All_Risk_Apps!$K$4:$K$1233="No")*(All_Risk_Apps!$A$4:$A$1233<>"")),39)),"") | E42: =IFERROR(INDEX(All_Risk_Apps!$E$4:$E$1233,_xludf.aggregate(15,6,(ROW(All_Risk_Apps!$A$4:$A$1233)-ROW(All_Risk_Apps!$A$4)+1)/((OR(All_Risk_Apps!$D$4:$D$1233={"High","Very High"}))*(All_Risk_Apps!$K$4:$K$1233="No")*(All_Risk_Apps!$A$4:$A$1233<>"")),39)),"") | F42: =IFERROR(INDEX(All_Risk_Apps!$F$4:$F$1233,_xludf.aggregate(15,6,(ROW(All_Risk_Apps!$A$4:$A$1233)-ROW(All_Risk_Apps!$A$4)+1)/((OR(All_Risk_Apps!$D$4:$D$1233={"High","Very High"}))*(All_Risk_Apps!$K$4:$K$1233="No")*(All_Risk_Apps!$A$4:$A$1233<>"")),39)),"") | G42: =IFERROR(INDEX(All_Risk_Apps!$I$4:$I$1233,_xludf.aggregate(15,6,(ROW(All_Risk_Apps!$A$4:$A$1233)-ROW(All_Risk_Apps!$A$4)+1)/((OR(All_Risk_Apps!$D$4:$D$1233={"High","Very High"}))*(All_Risk_Apps!$K$4:$K$1233="No")*(All_Risk_Apps!$A$4:$A$1233<>"")),39)),"") | H42: =IF(B42="","",IFERROR(INDEX(Server_Inventory!$R:$R,MATCH(B42,Server_Inventory!$Z:$Z,0)),"Not Found")) | I42: =IF(B42="","",IFERROR(INDEX(Server_Inventory!$S:$S,MATCH(B42,Server_Inventory!$Z:$Z,0)),"Not Found")) | J42: =IF(B42="","",COUNTIFS(Server_Inventory!$Z:$Z,B42,Server_Inventory!$P:$P,"R-RETIRED_IN_CMDB")) | K42: =IF(B42="","",IFERROR(INDEX(Container_Inventory!$F:$F,MATCH(B42,Container_Inventory!$L:$L,0)),"Not Found")) | L42: =IF(B42="","",IF(COUNTIF(Finding_List!$A:$A,B42)>0,"Yes","No")) | M42: =IF(B42="","",COUNTIF(Server_Inventory!$Z:$Z,B42)) | N42: =IF(B42="","",COUNTIF(Container_Inventory!$L:$L,B42))
A43: =IFERROR(INDEX(All_Risk_Apps!$A$4:$A$1233,_xludf.aggregate(15,6,(ROW(All_Risk_Apps!$A$4:$A$1233)-ROW(All_Risk_Apps!$A$4)+1)/((OR(All_Risk_Apps!$D$4:$D$1233={"High","Very High"}))*(All_Risk_Apps!$K$4:$K$1233="No")*(All_Risk_Apps!$A$4:$A$1233<>"")),40)),"") | B43: =IFERROR(INDEX(All_Risk_Apps!$B$4:$B$1233,_xludf.aggregate(15,6,(ROW(All_Risk_Apps!$A$4:$A$1233)-ROW(All_Risk_Apps!$A$4)+1)/((OR(All_Risk_Apps!$D$4:$D$1233={"High","Very High"}))*(All_Risk_Apps!$K$4:$K$1233="No")*(All_Risk_Apps!$A$4:$A$1233<>"")),40)),"") | C43: =IFERROR(INDEX(All_Risk_Apps!$D$4:$D$1233,_xludf.aggregate(15,6,(ROW(All_Risk_Apps!$A$4:$A$1233)-ROW(All_Risk_Apps!$A$4)+1)/((OR(All_Risk_Apps!$D$4:$D$1233={"High","Very High"}))*(All_Risk_Apps!$K$4:$K$1233="No")*(All_Risk_Apps!$A$4:$A$1233<>"")),40)),"") | D43: =IFERROR(INDEX(All_Risk_Apps!$C$4:$C$1233,_xludf.aggregate(15,6,(ROW(All_Risk_Apps!$A$4:$A$1233)-ROW(All_Risk_Apps!$A$4)+1)/((OR(All_Risk_Apps!$D$4:$D$1233={"High","Very High"}))*(All_Risk_Apps!$K$4:$K$1233="No")*(All_Risk_Apps!$A$4:$A$1233<>"")),40)),"") | E43: =IFERROR(INDEX(All_Risk_Apps!$E$4:$E$1233,_xludf.aggregate(15,6,(ROW(All_Risk_Apps!$A$4:$A$1233)-ROW(All_Risk_Apps!$A$4)+1)/((OR(All_Risk_Apps!$D$4:$D$1233={"High","Very High"}))*(All_Risk_Apps!$K$4:$K$1233="No")*(All_Risk_Apps!$A$4:$A$1233<>"")),40)),"") | F43: =IFERROR(INDEX(All_Risk_Apps!$F$4:$F$1233,_xludf.aggregate(15,6,(ROW(All_Risk_Apps!$A$4:$A$1233)-ROW(All_Risk_Apps!$A$4)+1)/((OR(All_Risk_Apps!$D$4:$D$1233={"High","Very High"}))*(All_Risk_Apps!$K$4:$K$1233="No")*(All_Risk_Apps!$A$4:$A$1233<>"")),40)),"") | G43: =IFERROR(INDEX(All_Risk_Apps!$I$4:$I$1233,_xludf.aggregate(15,6,(ROW(All_Risk_Apps!$A$4:$A$1233)-ROW(All_Risk_Apps!$A$4)+1)/((OR(All_Risk_Apps!$D$4:$D$1233={"High","Very High"}))*(All_Risk_Apps!$K$4:$K$1233="No")*(All_Risk_Apps!$A$4:$A$1233<>"")),40)),"") | H43: =IF(B43="","",IFERROR(INDEX(Server_Inventory!$R:$R,MATCH(B43,Server_Inventory!$Z:$Z,0)),"Not Found")) | I43: =IF(B43="","",IFERROR(INDEX(Server_Inventory!$S:$S,MATCH(B43,Server_Inventory!$Z:$Z,0)),"Not Found")) | J43: =IF(B43="","",COUNTIFS(Server_Inventory!$Z:$Z,B43,Server_Inventory!$P:$P,"R-RETIRED_IN_CMDB")) | K43: =IF(B43="","",IFERROR(INDEX(Container_Inventory!$F:$F,MATCH(B43,Container_Inventory!$L:$L,0)),"Not Found")) | L43: =IF(B43="","",IF(COUNTIF(Finding_List!$A:$A,B43)>0,"Yes","No")) | M43: =IF(B43="","",COUNTIF(Server_Inventory!$Z:$Z,B43)) | N43: =IF(B43="","",COUNTIF(Container_Inventory!$L:$L,B43))
A44: =IFERROR(INDEX(All_Risk_Apps!$A$4:$A$1233,_xludf.aggregate(15,6,(ROW(All_Risk_Apps!$A$4:$A$1233)-ROW(All_Risk_Apps!$A$4)+1)/((OR(All_Risk_Apps!$D$4:$D$1233={"High","Very High"}))*(All_Risk_Apps!$K$4:$K$1233="No")*(All_Risk_Apps!$A$4:$A$1233<>"")),41)),"") | B44: =IFERROR(INDEX(All_Risk_Apps!$B$4:$B$1233,_xludf.aggregate(15,6,(ROW(All_Risk_Apps!$A$4:$A$1233)-ROW(All_Risk_Apps!$A$4)+1)/((OR(All_Risk_Apps!$D$4:$D$1233={"High","Very High"}))*(All_Risk_Apps!$K$4:$K$1233="No")*(All_Risk_Apps!$A$4:$A$1233<>"")),41)),"") | C44: =IFERROR(INDEX(All_Risk_Apps!$D$4:$D$1233,_xludf.aggregate(15,6,(ROW(All_Risk_Apps!$A$4:$A$1233)-ROW(All_Risk_Apps!$A$4)+1)/((OR(All_Risk_Apps!$D$4:$D$1233={"High","Very High"}))*(All_Risk_Apps!$K$4:$K$1233="No")*(All_Risk_Apps!$A$4:$A$1233<>"")),41)),"") | D44: =IFERROR(INDEX(All_Risk_Apps!$C$4:$C$1233,_xludf.aggregate(15,6,(ROW(All_Risk_Apps!$A$4:$A$1233)-ROW(All_Risk_Apps!$A$4)+1)/((OR(All_Risk_Apps!$D$4:$D$1233={"High","Very High"}))*(All_Risk_Apps!$K$4:$K$1233="No")*(All_Risk_Apps!$A$4:$A$1233<>"")),41)),"") | E44: =IFERROR(INDEX(All_Risk_Apps!$E$4:$E$1233,_xludf.aggregate(15,6,(ROW(All_Risk_Apps!$A$4:$A$1233)-ROW(All_Risk_Apps!$A$4)+1)/((OR(All_Risk_Apps!$D$4:$D$1233={"High","Very High"}))*(All_Risk_Apps!$K$4:$K$1233="No")*(All_Risk_Apps!$A$4:$A$1233<>"")),41)),"") | F44: =IFERROR(INDEX(All_Risk_Apps!$F$4:$F$1233,_xludf.aggregate(15,6,(ROW(All_Risk_Apps!$A$4:$A$1233)-ROW(All_Risk_Apps!$A$4)+1)/((OR(All_Risk_Apps!$D$4:$D$1233={"High","Very High"}))*(All_Risk_Apps!$K$4:$K$1233="No")*(All_Risk_Apps!$A$4:$A$1233<>"")),41)),"") | G44: =IFERROR(INDEX(All_Risk_Apps!$I$4:$I$1233,_xludf.aggregate(15,6,(ROW(All_Risk_Apps!$A$4:$A$1233)-ROW(All_Risk_Apps!$A$4)+1)/((OR(All_Risk_Apps!$D$4:$D$1233={"High","Very High"}))*(All_Risk_Apps!$K$4:$K$1233="No")*(All_Risk_Apps!$A$4:$A$1233<>"")),41)),"") | H44: =IF(B44="","",IFERROR(INDEX(Server_Inventory!$R:$R,MATCH(B44,Server_Inventory!$Z:$Z,0)),"Not Found")) | I44: =IF(B44="","",IFERROR(INDEX(Server_Inventory!$S:$S,MATCH(B44,Server_Inventory!$Z:$Z,0)),"Not Found")) | J44: =IF(B44="","",COUNTIFS(Server_Inventory!$Z:$Z,B44,Server_Inventory!$P:$P,"R-RETIRED_IN_CMDB")) | K44: =IF(B44="","",IFERROR(INDEX(Container_Inventory!$F:$F,MATCH(B44,Container_Inventory!$L:$L,0)),"Not Found")) | L44: =IF(B44="","",IF(COUNTIF(Finding_List!$A:$A,B44)>0,"Yes","No")) | M44: =IF(B44="","",COUNTIF(Server_Inventory!$Z:$Z,B44)) | N44: =IF(B44="","",COUNTIF(Container_Inventory!$L:$L,B44))
A45: =IFERROR(INDEX(All_Risk_Apps!$A$4:$A$1233,_xludf.aggregate(15,6,(ROW(All_Risk_Apps!$A$4:$A$1233)-ROW(All_Risk_Apps!$A$4)+1)/((OR(All_Risk_Apps!$D$4:$D$1233={"High","Very High"}))*(All_Risk_Apps!$K$4:$K$1233="No")*(All_Risk_Apps!$A$4:$A$1233<>"")),42)),"") | B45: =IFERROR(INDEX(All_Risk_Apps!$B$4:$B$1233,_xludf.aggregate(15,6,(ROW(All_Risk_Apps!$A$4:$A$1233)-ROW(All_Risk_Apps!$A$4)+1)/((OR(All_Risk_Apps!$D$4:$D$1233={"High","Very High"}))*(All_Risk_Apps!$K$4:$K$1233="No")*(All_Risk_Apps!$A$4:$A$1233<>"")),42)),"") | C45: =IFERROR(INDEX(All_Risk_Apps!$D$4:$D$1233,_xludf.aggregate(15,6,(ROW(All_Risk_Apps!$A$4:$A$1233)-ROW(All_Risk_Apps!$A$4)+1)/((OR(All_Risk_Apps!$D$4:$D$1233={"High","Very High"}))*(All_Risk_Apps!$K$4:$K$1233="No")*(All_Risk_Apps!$A$4:$A$1233<>"")),42)),"") | D45: =IFERROR(INDEX(All_Risk_Apps!$C$4:$C$1233,_xludf.aggregate(15,6,(ROW(All_Risk_Apps!$A$4:$A$1233)-ROW(All_Risk_Apps!$A$4)+1)/((OR(All_Risk_Apps!$D$4:$D$1233={"High","Very High"}))*(All_Risk_Apps!$K$4:$K$1233="No")*(All_Risk_Apps!$A$4:$A$1233<>"")),42)),"") | E45: =IFERROR(INDEX(All_Risk_Apps!$E$4:$E$1233,_xludf.aggregate(15,6,(ROW(All_Risk_Apps!$A$4:$A$1233)-ROW(All_Risk_Apps!$A$4)+1)/((OR(All_Risk_Apps!$D$4:$D$1233={"High","Very High"}))*(All_Risk_Apps!$K$4:$K$1233="No")*(All_Risk_Apps!$A$4:$A$1233<>"")),42)),"") | F45: =IFERROR(INDEX(All_Risk_Apps!$F$4:$F$1233,_xludf.aggregate(15,6,(ROW(All_Risk_Apps!$A$4:$A$1233)-ROW(All_Risk_Apps!$A$4)+1)/((OR(All_Risk_Apps!$D$4:$D$1233={"High","Very High"}))*(All_Risk_Apps!$K$4:$K$1233="No")*(All_Risk_Apps!$A$4:$A$1233<>"")),42)),"") | G45: =IFERROR(INDEX(All_Risk_Apps!$I$4:$I$1233,_xludf.aggregate(15,6,(ROW(All_Risk_Apps!$A$4:$A$1233)-ROW(All_Risk_Apps!$A$4)+1)/((OR(All_Risk_Apps!$D$4:$D$1233={"High","Very High"}))*(All_Risk_Apps!$K$4:$K$1233="No")*(All_Risk_Apps!$A$4:$A$1233<>"")),42)),"") | H45: =IF(B45="","",IFERROR(INDEX(Server_Inventory!$R:$R,MATCH(B45,Server_Inventory!$Z:$Z,0)),"Not Found")) | I45: =IF(B45="","",IFERROR(INDEX(Server_Inventory!$S:$S,MATCH(B45,Server_Inventory!$Z:$Z,0)),"Not Found")) | J45: =IF(B45="","",COUNTIFS(Server_Inventory!$Z:$Z,B45,Server_Inventory!$P:$P,"R-RETIRED_IN_CMDB")) | K45: =IF(B45="","",IFERROR(INDEX(Container_Inventory!$F:$F,MATCH(B45,Container_Inventory!$L:$L,0)),"Not Found")) | L45: =IF(B45="","",IF(COUNTIF(Finding_List!$A:$A,B45)>0,"Yes","No")) | M45: =IF(B45="","",COUNTIF(Server_Inventory!$Z:$Z,B45)) | N45: =IF(B45="","",COUNTIF(Container_Inventory!$L:$L,B45))
A46: =IFERROR(INDEX(All_Risk_Apps!$A$4:$A$1233,_xludf.aggregate(15,6,(ROW(All_Risk_Apps!$A$4:$A$1233)-ROW(All_Risk_Apps!$A$4)+1)/((OR(All_Risk_Apps!$D$4:$D$1233={"High","Very High"}))*(All_Risk_Apps!$K$4:$K$1233="No")*(All_Risk_Apps!$A$4:$A$1233<>"")),43)),"") | B46: =IFERROR(INDEX(All_Risk_Apps!$B$4:$B$1233,_xludf.aggregate(15,6,(ROW(All_Risk_Apps!$A$4:$A$1233)-ROW(All_Risk_Apps!$A$4)+1)/((OR(All_Risk_Apps!$D$4:$D$1233={"High","Very High"}))*(All_Risk_Apps!$K$4:$K$1233="No")*(All_Risk_Apps!$A$4:$A$1233<>"")),43)),"") | C46: =IFERROR(INDEX(All_Risk_Apps!$D$4:$D$1233,_xludf.aggregate(15,6,(ROW(All_Risk_Apps!$A$4:$A$1233)-ROW(All_Risk_Apps!$A$4)+1)/((OR(All_Risk_Apps!$D$4:$D$1233={"High","Very High"}))*(All_Risk_Apps!$K$4:$K$1233="No")*(All_Risk_Apps!$A$4:$A$1233<>"")),43)),"") | D46: =IFERROR(INDEX(All_Risk_Apps!$C$4:$C$1233,_xludf.aggregate(15,6,(ROW(All_Risk_Apps!$A$4:$A$1233)-ROW(All_Risk_Apps!$A$4)+1)/((OR(All_Risk_Apps!$D$4:$D$1233={"High","Very High"}))*(All_Risk_Apps!$K$4:$K$1233="No")*(All_Risk_Apps!$A$4:$A$1233<>"")),43)),"") | E46: =IFERROR(INDEX(All_Risk_Apps!$E$4:$E$1233,_xludf.aggregate(15,6,(ROW(All_Risk_Apps!$A$4:$A$1233)-ROW(All_Risk_Apps!$A$4)+1)/((OR(All_Risk_Apps!$D$4:$D$1233={"High","Very High"}))*(All_Risk_Apps!$K$4:$K$1233="No")*(All_Risk_Apps!$A$4:$A$1233<>"")),43)),"") | F46: =IFERROR(INDEX(All_Risk_Apps!$F$4:$F$1233,_xludf.aggregate(15,6,(ROW(All_Risk_Apps!$A$4:$A$1233)-ROW(All_Risk_Apps!$A$4)+1)/((OR(All_Risk_Apps!$D$4:$D$1233={"High","Very High"}))*(All_Risk_Apps!$K$4:$K$1233="No")*(All_Risk_Apps!$A$4:$A$1233<>"")),43)),"") | G46: =IFERROR(INDEX(All_Risk_Apps!$I$4:$I$1233,_xludf.aggregate(15,6,(ROW(All_Risk_Apps!$A$4:$A$1233)-ROW(All_Risk_Apps!$A$4)+1)/((OR(All_Risk_Apps!$D$4:$D$1233={"High","Very High"}))*(All_Risk_Apps!$K$4:$K$1233="No")*(All_Risk_Apps!$A$4:$A$1233<>"")),43)),"") | H46: =IF(B46="","",IFERROR(INDEX(Server_Inventory!$R:$R,MATCH(B46,Server_Inventory!$Z:$Z,0)),"Not Found")) | I46: =IF(B46="","",IFERROR(INDEX(Server_Inventory!$S:$S,MATCH(B46,Server_Inventory!$Z:$Z,0)),"Not Found")) | J46: =IF(B46="","",COUNTIFS(Server_Inventory!$Z:$Z,B46,Server_Inventory!$P:$P,"R-RETIRED_IN_CMDB")) | K46: =IF(B46="","",IFERROR(INDEX(Container_Inventory!$F:$F,MATCH(B46,Container_Inventory!$L:$L,0)),"Not Found")) | L46: =IF(B46="","",IF(COUNTIF(Finding_List!$A:$A,B46)>0,"Yes","No")) | M46: =IF(B46="","",COUNTIF(Server_Inventory!$Z:$Z,B46)) | N46: =IF(B46="","",COUNTIF(Container_Inventory!$L:$L,B46))
A47: =IFERROR(INDEX(All_Risk_Apps!$A$4:$A$1233,_xludf.aggregate(15,6,(ROW(All_Risk_Apps!$A$4:$A$1233)-ROW(All_Risk_Apps!$A$4)+1)/((OR(All_Risk_Apps!$D$4:$D$1233={"High","Very High"}))*(All_Risk_Apps!$K$4:$K$1233="No")*(All_Risk_Apps!$A$4:$A$1233<>"")),44)),"") | B47: =IFERROR(INDEX(All_Risk_Apps!$B$4:$B$1233,_xludf.aggregate(15,6,(ROW(All_Risk_Apps!$A$4:$A$1233)-ROW(All_Risk_Apps!$A$4)+1)/((OR(All_Risk_Apps!$D$4:$D$1233={"High","Very High"}))*(All_Risk_Apps!$K$4:$K$1233="No")*(All_Risk_Apps!$A$4:$A$1233<>"")),44)),"") | C47: =IFERROR(INDEX(All_Risk_Apps!$D$4:$D$1233,_xludf.aggregate(15,6,(ROW(All_Risk_Apps!$A$4:$A$1233)-ROW(All_Risk_Apps!$A$4)+1)/((OR(All_Risk_Apps!$D$4:$D$1233={"High","Very High"}))*(All_Risk_Apps!$K$4:$K$1233="No")*(All_Risk_Apps!$A$4:$A$1233<>"")),44)),"") | D47: =IFERROR(INDEX(All_Risk_Apps!$C$4:$C$1233,_xludf.aggregate(15,6,(ROW(All_Risk_Apps!$A$4:$A$1233)-ROW(All_Risk_Apps!$A$4)+1)/((OR(All_Risk_Apps!$D$4:$D$1233={"High","Very High"}))*(All_Risk_Apps!$K$4:$K$1233="No")*(All_Risk_Apps!$A$4:$A$1233<>"")),44)),"") | E47: =IFERROR(INDEX(All_Risk_Apps!$E$4:$E$1233,_xludf.aggregate(15,6,(ROW(All_Risk_Apps!$A$4:$A$1233)-ROW(All_Risk_Apps!$A$4)+1)/((OR(All_Risk_Apps!$D$4:$D$1233={"High","Very High"}))*(All_Risk_Apps!$K$4:$K$1233="No")*(All_Risk_Apps!$A$4:$A$1233<>"")),44)),"") | F47: =IFERROR(INDEX(All_Risk_Apps!$F$4:$F$1233,_xludf.aggregate(15,6,(ROW(All_Risk_Apps!$A$4:$A$1233)-ROW(All_Risk_Apps!$A$4)+1)/((OR(All_Risk_Apps!$D$4:$D$1233={"High","Very High"}))*(All_Risk_Apps!$K$4:$K$1233="No")*(All_Risk_Apps!$A$4:$A$1233<>"")),44)),"") | G47: =IFERROR(INDEX(All_Risk_Apps!$I$4:$I$1233,_xludf.aggregate(15,6,(ROW(All_Risk_Apps!$A$4:$A$1233)-ROW(All_Risk_Apps!$A$4)+1)/((OR(All_Risk_Apps!$D$4:$D$1233={"High","Very High"}))*(All_Risk_Apps!$K$4:$K$1233="No")*(All_Risk_Apps!$A$4:$A$1233<>"")),44)),"") | H47: =IF(B47="","",IFERROR(INDEX(Server_Inventory!$R:$R,MATCH(B47,Server_Inventory!$Z:$Z,0)),"Not Found")) | I47: =IF(B47="","",IFERROR(INDEX(Server_Inventory!$S:$S,MATCH(B47,Server_Inventory!$Z:$Z,0)),"Not Found")) | J47: =IF(B47="","",COUNTIFS(Server_Inventory!$Z:$Z,B47,Server_Inventory!$P:$P,"R-RETIRED_IN_CMDB")) | K47: =IF(B47="","",IFERROR(INDEX(Container_Inventory!$F:$F,MATCH(B47,Container_Inventory!$L:$L,0)),"Not Found")) | L47: =IF(B47="","",IF(COUNTIF(Finding_List!$A:$A,B47)>0,"Yes","No")) | M47: =IF(B47="","",COUNTIF(Server_Inventory!$Z:$Z,B47)) | N47: =IF(B47="","",COUNTIF(Container_Inventory!$L:$L,B47))
A48: =IFERROR(INDEX(All_Risk_Apps!$A$4:$A$1233,_xludf.aggregate(15,6,(ROW(All_Risk_Apps!$A$4:$A$1233)-ROW(All_Risk_Apps!$A$4)+1)/((OR(All_Risk_Apps!$D$4:$D$1233={"High","Very High"}))*(All_Risk_Apps!$K$4:$K$1233="No")*(All_Risk_Apps!$A$4:$A$1233<>"")),45)),"") | B48: =IFERROR(INDEX(All_Risk_Apps!$B$4:$B$1233,_xludf.aggregate(15,6,(ROW(All_Risk_Apps!$A$4:$A$1233)-ROW(All_Risk_Apps!$A$4)+1)/((OR(All_Risk_Apps!$D$4:$D$1233={"High","Very High"}))*(All_Risk_Apps!$K$4:$K$1233="No")*(All_Risk_Apps!$A$4:$A$1233<>"")),45)),"") | C48: =IFERROR(INDEX(All_Risk_Apps!$D$4:$D$1233,_xludf.aggregate(15,6,(ROW(All_Risk_Apps!$A$4:$A$1233)-ROW(All_Risk_Apps!$A$4)+1)/((OR(All_Risk_Apps!$D$4:$D$1233={"High","Very High"}))*(All_Risk_Apps!$K$4:$K$1233="No")*(All_Risk_Apps!$A$4:$A$1233<>"")),45)),"") | D48: =IFERROR(INDEX(All_Risk_Apps!$C$4:$C$1233,_xludf.aggregate(15,6,(ROW(All_Risk_Apps!$A$4:$A$1233)-ROW(All_Risk_Apps!$A$4)+1)/((OR(All_Risk_Apps!$D$4:$D$1233={"High","Very High"}))*(All_Risk_Apps!$K$4:$K$1233="No")*(All_Risk_Apps!$A$4:$A$1233<>"")),45)),"") | E48: =IFERROR(INDEX(All_Risk_Apps!$E$4:$E$1233,_xludf.aggregate(15,6,(ROW(All_Risk_Apps!$A$4:$A$1233)-ROW(All_Risk_Apps!$A$4)+1)/((OR(All_Risk_Apps!$D$4:$D$1233={"High","Very High"}))*(All_Risk_Apps!$K$4:$K$1233="No")*(All_Risk_Apps!$A$4:$A$1233<>"")),45)),"") | F48: =IFERROR(INDEX(All_Risk_Apps!$F$4:$F$1233,_xludf.aggregate(15,6,(ROW(All_Risk_Apps!$A$4:$A$1233)-ROW(All_Risk_Apps!$A$4)+1)/((OR(All_Risk_Apps!$D$4:$D$1233={"High","Very High"}))*(All_Risk_Apps!$K$4:$K$1233="No")*(All_Risk_Apps!$A$4:$A$1233<>"")),45)),"") | G48: =IFERROR(INDEX(All_Risk_Apps!$I$4:$I$1233,_xludf.aggregate(15,6,(ROW(All_Risk_Apps!$A$4:$A$1233)-ROW(All_Risk_Apps!$A$4)+1)/((OR(All_Risk_Apps!$D$4:$D$1233={"High","Very High"}))*(All_Risk_Apps!$K$4:$K$1233="No")*(All_Risk_Apps!$A$4:$A$1233<>"")),45)),"") | H48: =IF(B48="","",IFERROR(INDEX(Server_Inventory!$R:$R,MATCH(B48,Server_Inventory!$Z:$Z,0)),"Not Found")) | I48: =IF(B48="","",IFERROR(INDEX(Server_Inventory!$S:$S,MATCH(B48,Server_Inventory!$Z:$Z,0)),"Not Found")) | J48: =IF(B48="","",COUNTIFS(Server_Inventory!$Z:$Z,B48,Server_Inventory!$P:$P,"R-RETIRED_IN_CMDB")) | K48: =IF(B48="","",IFERROR(INDEX(Container_Inventory!$F:$F,MATCH(B48,Container_Inventory!$L:$L,0)),"Not Found")) | L48: =IF(B48="","",IF(COUNTIF(Finding_List!$A:$A,B48)>0,"Yes","No")) | M48: =IF(B48="","",COUNTIF(Server_Inventory!$Z:$Z,B48)) | N48: =IF(B48="","",COUNTIF(Container_Inventory!$L:$L,B48))
A49: =IFERROR(INDEX(All_Risk_Apps!$A$4:$A$1233,_xludf.aggregate(15,6,(ROW(All_Risk_Apps!$A$4:$A$1233)-ROW(All_Risk_Apps!$A$4)+1)/((OR(All_Risk_Apps!$D$4:$D$1233={"High","Very High"}))*(All_Risk_Apps!$K$4:$K$1233="No")*(All_Risk_Apps!$A$4:$A$1233<>"")),46)),"") | B49: =IFERROR(INDEX(All_Risk_Apps!$B$4:$B$1233,_xludf.aggregate(15,6,(ROW(All_Risk_Apps!$A$4:$A$1233)-ROW(All_Risk_Apps!$A$4)+1)/((OR(All_Risk_Apps!$D$4:$D$1233={"High","Very High"}))*(All_Risk_Apps!$K$4:$K$1233="No")*(All_Risk_Apps!$A$4:$A$1233<>"")),46)),"") | C49: =IFERROR(INDEX(All_Risk_Apps!$D$4:$D$1233,_xludf.aggregate(15,6,(ROW(All_Risk_Apps!$A$4:$A$1233)-ROW(All_Risk_Apps!$A$4)+1)/((OR(All_Risk_Apps!$D$4:$D$1233={"High","Very High"}))*(All_Risk_Apps!$K$4:$K$1233="No")*(All_Risk_Apps!$A$4:$A$1233<>"")),46)),"") | D49: =IFERROR(INDEX(All_Risk_Apps!$C$4:$C$1233,_xludf.aggregate(15,6,(ROW(All_Risk_Apps!$A$4:$A$1233)-ROW(All_Risk_Apps!$A$4)+1)/((OR(All_Risk_Apps!$D$4:$D$1233={"High","Very High"}))*(All_Risk_Apps!$K$4:$K$1233="No")*(All_Risk_Apps!$A$4:$A$1233<>"")),46)),"") | E49: =IFERROR(INDEX(All_Risk_Apps!$E$4:$E$1233,_xludf.aggregate(15,6,(ROW(All_Risk_Apps!$A$4:$A$1233)-ROW(All_Risk_Apps!$A$4)+1)/((OR(All_Risk_Apps!$D$4:$D$1233={"High","Very High"}))*(All_Risk_Apps!$K$4:$K$1233="No")*(All_Risk_Apps!$A$4:$A$1233<>"")),46)),"") | F49: =IFERROR(INDEX(All_Risk_Apps!$F$4:$F$1233,_xludf.aggregate(15,6,(ROW(All_Risk_Apps!$A$4:$A$1233)-ROW(All_Risk_Apps!$A$4)+1)/((OR(All_Risk_Apps!$D$4:$D$1233={"High","Very High"}))*(All_Risk_Apps!$K$4:$K$1233="No")*(All_Risk_Apps!$A$4:$A$1233<>"")),46)),"") | G49: =IFERROR(INDEX(All_Risk_Apps!$I$4:$I$1233,_xludf.aggregate(15,6,(ROW(All_Risk_Apps!$A$4:$A$1233)-ROW(All_Risk_Apps!$A$4)+1)/((OR(All_Risk_Apps!$D$4:$D$1233={"High","Very High"}))*(All_Risk_Apps!$K$4:$K$1233="No")*(All_Risk_Apps!$A$4:$A$1233<>"")),46)),"") | H49: =IF(B49="","",IFERROR(INDEX(Server_Inventory!$R:$R,MATCH(B49,Server_Inventory!$Z:$Z,0)),"Not Found")) | I49: =IF(B49="","",IFERROR(INDEX(Server_Inventory!$S:$S,MATCH(B49,Server_Inventory!$Z:$Z,0)),"Not Found")) | J49: =IF(B49="","",COUNTIFS(Server_Inventory!$Z:$Z,B49,Server_Inventory!$P:$P,"R-RETIRED_IN_CMDB")) | K49: =IF(B49="","",IFERROR(INDEX(Container_Inventory!$F:$F,MATCH(B49,Container_Inventory!$L:$L,0)),"Not Found")) | L49: =IF(B49="","",IF(COUNTIF(Finding_List!$A:$A,B49)>0,"Yes","No")) | M49: =IF(B49="","",COUNTIF(Server_Inventory!$Z:$Z,B49)) | N49: =IF(B49="","",COUNTIF(Container_Inventory!$L:$L,B49))
A50: =IFERROR(INDEX(All_Risk_Apps!$A$4:$A$1233,_xludf.aggregate(15,6,(ROW(All_Risk_Apps!$A$4:$A$1233)-ROW(All_Risk_Apps!$A$4)+1)/((OR(All_Risk_Apps!$D$4:$D$1233={"High","Very High"}))*(All_Risk_Apps!$K$4:$K$1233="No")*(All_Risk_Apps!$A$4:$A$1233<>"")),47)),"") | B50: =IFERROR(INDEX(All_Risk_Apps!$B$4:$B$1233,_xludf.aggregate(15,6,(ROW(All_Risk_Apps!$A$4:$A$1233)-ROW(All_Risk_Apps!$A$4)+1)/((OR(All_Risk_Apps!$D$4:$D$1233={"High","Very High"}))*(All_Risk_Apps!$K$4:$K$1233="No")*(All_Risk_Apps!$A$4:$A$1233<>"")),47)),"") | C50: =IFERROR(INDEX(All_Risk_Apps!$D$4:$D$1233,_xludf.aggregate(15,6,(ROW(All_Risk_Apps!$A$4:$A$1233)-ROW(All_Risk_Apps!$A$4)+1)/((OR(All_Risk_Apps!$D$4:$D$1233={"High","Very High"}))*(All_Risk_Apps!$K$4:$K$1233="No")*(All_Risk_Apps!$A$4:$A$1233<>"")),47)),"") | D50: =IFERROR(INDEX(All_Risk_Apps!$C$4:$C$1233,_xludf.aggregate(15,6,(ROW(All_Risk_Apps!$A$4:$A$1233)-ROW(All_Risk_Apps!$A$4)+1)/((OR(All_Risk_Apps!$D$4:$D$1233={"High","Very High"}))*(All_Risk_Apps!$K$4:$K$1233="No")*(All_Risk_Apps!$A$4:$A$1233<>"")),47)),"") | E50: =IFERROR(INDEX(All_Risk_Apps!$E$4:$E$1233,_xludf.aggregate(15,6,(ROW(All_Risk_Apps!$A$4:$A$1233)-ROW(All_Risk_Apps!$A$4)+1)/((OR(All_Risk_Apps!$D$4:$D$1233={"High","Very High"}))*(All_Risk_Apps!$K$4:$K$1233="No")*(All_Risk_Apps!$A$4:$A$1233<>"")),47)),"") | F50: =IFERROR(INDEX(All_Risk_Apps!$F$4:$F$1233,_xludf.aggregate(15,6,(ROW(All_Risk_Apps!$A$4:$A$1233)-ROW(All_Risk_Apps!$A$4)+1)/((OR(All_Risk_Apps!$D$4:$D$1233={"High","Very High"}))*(All_Risk_Apps!$K$4:$K$1233="No")*(All_Risk_Apps!$A$4:$A$1233<>"")),47)),"") | G50: =IFERROR(INDEX(All_Risk_Apps!$I$4:$I$1233,_xludf.aggregate(15,6,(ROW(All_Risk_Apps!$A$4:$A$1233)-ROW(All_Risk_Apps!$A$4)+1)/((OR(All_Risk_Apps!$D$4:$D$1233={"High","Very High"}))*(All_Risk_Apps!$K$4:$K$1233="No")*(All_Risk_Apps!$A$4:$A$1233<>"")),47)),"") | H50: =IF(B50="","",IFERROR(INDEX(Server_Inventory!$R:$R,MATCH(B50,Server_Inventory!$Z:$Z,0)),"Not Found")) | I50: =IF(B50="","",IFERROR(INDEX(Server_Inventory!$S:$S,MATCH(B50,Server_Inventory!$Z:$Z,0)),"Not Found")) | J50: =IF(B50="","",COUNTIFS(Server_Inventory!$Z:$Z,B50,Server_Inventory!$P:$P,"R-RETIRED_IN_CMDB")) | K50: =IF(B50="","",IFERROR(INDEX(Container_Inventory!$F:$F,MATCH(B50,Container_Inventory!$L:$L,0)),"Not Found")) | L50: =IF(B50="","",IF(COUNTIF(Finding_List!$A:$A,B50)>0,"Yes","No")) | M50: =IF(B50="","",COUNTIF(Server_Inventory!$Z:$Z,B50)) | N50: =IF(B50="","",COUNTIF(Container_Inventory!$L:$L,B50))
A51: =IFERROR(INDEX(All_Risk_Apps!$A$4:$A$1233,_xludf.aggregate(15,6,(ROW(All_Risk_Apps!$A$4:$A$1233)-ROW(All_Risk_Apps!$A$4)+1)/((OR(All_Risk_Apps!$D$4:$D$1233={"High","Very High"}))*(All_Risk_Apps!$K$4:$K$1233="No")*(All_Risk_Apps!$A$4:$A$1233<>"")),48)),"") | B51: =IFERROR(INDEX(All_Risk_Apps!$B$4:$B$1233,_xludf.aggregate(15,6,(ROW(All_Risk_Apps!$A$4:$A$1233)-ROW(All_Risk_Apps!$A$4)+1)/((OR(All_Risk_Apps!$D$4:$D$1233={"High","Very High"}))*(All_Risk_Apps!$K$4:$K$1233="No")*(All_Risk_Apps!$A$4:$A$1233<>"")),48)),"") | C51: =IFERROR(INDEX(All_Risk_Apps!$D$4:$D$1233,_xludf.aggregate(15,6,(ROW(All_Risk_Apps!$A$4:$A$1233)-ROW(All_Risk_Apps!$A$4)+1)/((OR(All_Risk_Apps!$D$4:$D$1233={"High","Very High"}))*(All_Risk_Apps!$K$4:$K$1233="No")*(All_Risk_Apps!$A$4:$A$1233<>"")),48)),"") | D51: =IFERROR(INDEX(All_Risk_Apps!$C$4:$C$1233,_xludf.aggregate(15,6,(ROW(All_Risk_Apps!$A$4:$A$1233)-ROW(All_Risk_Apps!$A$4)+1)/((OR(All_Risk_Apps!$D$4:$D$1233={"High","Very High"}))*(All_Risk_Apps!$K$4:$K$1233="No")*(All_Risk_Apps!$A$4:$A$1233<>"")),48)),"") | E51: =IFERROR(INDEX(All_Risk_Apps!$E$4:$E$1233,_xludf.aggregate(15,6,(ROW(All_Risk_Apps!$A$4:$A$1233)-ROW(All_Risk_Apps!$A$4)+1)/((OR(All_Risk_Apps!$D$4:$D$1233={"High","Very High"}))*(All_Risk_Apps!$K$4:$K$1233="No")*(All_Risk_Apps!$A$4:$A$1233<>"")),48)),"") | F51: =IFERROR(INDEX(All_Risk_Apps!$F$4:$F$1233,_xludf.aggregate(15,6,(ROW(All_Risk_Apps!$A$4:$A$1233)-ROW(All_Risk_Apps!$A$4)+1)/((OR(All_Risk_Apps!$D$4:$D$1233={"High","Very High"}))*(All_Risk_Apps!$K$4:$K$1233="No")*(All_Risk_Apps!$A$4:$A$1233<>"")),48)),"") | G51: =IFERROR(INDEX(All_Risk_Apps!$I$4:$I$1233,_xludf.aggregate(15,6,(ROW(All_Risk_Apps!$A$4:$A$1233)-ROW(All_Risk_Apps!$A$4)+1)/((OR(All_Risk_Apps!$D$4:$D$1233={"High","Very High"}))*(All_Risk_Apps!$K$4:$K$1233="No")*(All_Risk_Apps!$A$4:$A$1233<>"")),48)),"") | H51: =IF(B51="","",IFERROR(INDEX(Server_Inventory!$R:$R,MATCH(B51,Server_Inventory!$Z:$Z,0)),"Not Found")) | I51: =IF(B51="","",IFERROR(INDEX(Server_Inventory!$S:$S,MATCH(B51,Server_Inventory!$Z:$Z,0)),"Not Found")) | J51: =IF(B51="","",COUNTIFS(Server_Inventory!$Z:$Z,B51,Server_Inventory!$P:$P,"R-RETIRED_IN_CMDB")) | K51: =IF(B51="","",IFERROR(INDEX(Container_Inventory!$F:$F,MATCH(B51,Container_Inventory!$L:$L,0)),"Not Found")) | L51: =IF(B51="","",IF(COUNTIF(Finding_List!$A:$A,B51)>0,"Yes","No")) | M51: =IF(B51="","",COUNTIF(Server_Inventory!$Z:$Z,B51)) | N51: =IF(B51="","",COUNTIF(Container_Inventory!$L:$L,B51))
A52: =IFERROR(INDEX(All_Risk_Apps!$A$4:$A$1233,_xludf.aggregate(15,6,(ROW(All_Risk_Apps!$A$4:$A$1233)-ROW(All_Risk_Apps!$A$4)+1)/((OR(All_Risk_Apps!$D$4:$D$1233={"High","Very High"}))*(All_Risk_Apps!$K$4:$K$1233="No")*(All_Risk_Apps!$A$4:$A$1233<>"")),49)),"") | B52: =IFERROR(INDEX(All_Risk_Apps!$B$4:$B$1233,_xludf.aggregate(15,6,(ROW(All_Risk_Apps!$A$4:$A$1233)-ROW(All_Risk_Apps!$A$4)+1)/((OR(All_Risk_Apps!$D$4:$D$1233={"High","Very High"}))*(All_Risk_Apps!$K$4:$K$1233="No")*(All_Risk_Apps!$A$4:$A$1233<>"")),49)),"") | C52: =IFERROR(INDEX(All_Risk_Apps!$D$4:$D$1233,_xludf.aggregate(15,6,(ROW(All_Risk_Apps!$A$4:$A$1233)-ROW(All_Risk_Apps!$A$4)+1)/((OR(All_Risk_Apps!$D$4:$D$1233={"High","Very High"}))*(All_Risk_Apps!$K$4:$K$1233="No")*(All_Risk_Apps!$A$4:$A$1233<>"")),49)),"") | D52: =IFERROR(INDEX(All_Risk_Apps!$C$4:$C$1233,_xludf.aggregate(15,6,(ROW(All_Risk_Apps!$A$4:$A$1233)-ROW(All_Risk_Apps!$A$4)+1)/((OR(All_Risk_Apps!$D$4:$D$1233={"High","Very High"}))*(All_Risk_Apps!$K$4:$K$1233="No")*(All_Risk_Apps!$A$4:$A$1233<>"")),49)),"") | E52: =IFERROR(INDEX(All_Risk_Apps!$E$4:$E$1233,_xludf.aggregate(15,6,(ROW(All_Risk_Apps!$A$4:$A$1233)-ROW(All_Risk_Apps!$A$4)+1)/((OR(All_Risk_Apps!$D$4:$D$1233={"High","Very High"}))*(All_Risk_Apps!$K$4:$K$1233="No")*(All_Risk_Apps!$A$4:$A$1233<>"")),49)),"") | F52: =IFERROR(INDEX(All_Risk_Apps!$F$4:$F$1233,_xludf.aggregate(15,6,(ROW(All_Risk_Apps!$A$4:$A$1233)-ROW(All_Risk_Apps!$A$4)+1)/((OR(All_Risk_Apps!$D$4:$D$1233={"High","Very High"}))*(All_Risk_Apps!$K$4:$K$1233="No")*(All_Risk_Apps!$A$4:$A$1233<>"")),49)),"") | G52: =IFERROR(INDEX(All_Risk_Apps!$I$4:$I$1233,_xludf.aggregate(15,6,(ROW(All_Risk_Apps!$A$4:$A$1233)-ROW(All_Risk_Apps!$A$4)+1)/((OR(All_Risk_Apps!$D$4:$D$1233={"High","Very High"}))*(All_Risk_Apps!$K$4:$K$1233="No")*(All_Risk_Apps!$A$4:$A$1233<>"")),49)),"") | H52: =IF(B52="","",IFERROR(INDEX(Server_Inventory!$R:$R,MATCH(B52,Server_Inventory!$Z:$Z,0)),"Not Found")) | I52: =IF(B52="","",IFERROR(INDEX(Server_Inventory!$S:$S,MATCH(B52,Server_Inventory!$Z:$Z,0)),"Not Found")) | J52: =IF(B52="","",COUNTIFS(Server_Inventory!$Z:$Z,B52,Server_Inventory!$P:$P,"R-RETIRED_IN_CMDB")) | K52: =IF(B52="","",IFERROR(INDEX(Container_Inventory!$F:$F,MATCH(B52,Container_Inventory!$L:$L,0)),"Not Found")) | L52: =IF(B52="","",IF(COUNTIF(Finding_List!$A:$A,B52)>0,"Yes","No")) | M52: =IF(B52="","",COUNTIF(Server_Inventory!$Z:$Z,B52)) | N52: =IF(B52="","",COUNTIF(Container_Inventory!$L:$L,B52))
A53: =IFERROR(INDEX(All_Risk_Apps!$A$4:$A$1233,_xludf.aggregate(15,6,(ROW(All_Risk_Apps!$A$4:$A$1233)-ROW(All_Risk_Apps!$A$4)+1)/((OR(All_Risk_Apps!$D$4:$D$1233={"High","Very High"}))*(All_Risk_Apps!$K$4:$K$1233="No")*(All_Risk_Apps!$A$4:$A$1233<>"")),50)),"") | B53: =IFERROR(INDEX(All_Risk_Apps!$B$4:$B$1233,_xludf.aggregate(15,6,(ROW(All_Risk_Apps!$A$4:$A$1233)-ROW(All_Risk_Apps!$A$4)+1)/((OR(All_Risk_Apps!$D$4:$D$1233={"High","Very High"}))*(All_Risk_Apps!$K$4:$K$1233="No")*(All_Risk_Apps!$A$4:$A$1233<>"")),50)),"") | C53: =IFERROR(INDEX(All_Risk_Apps!$D$4:$D$1233,_xludf.aggregate(15,6,(ROW(All_Risk_Apps!$A$4:$A$1233)-ROW(All_Risk_Apps!$A$4)+1)/((OR(All_Risk_Apps!$D$4:$D$1233={"High","Very High"}))*(All_Risk_Apps!$K$4:$K$1233="No")*(All_Risk_Apps!$A$4:$A$1233<>"")),50)),"") | D53: =IFERROR(INDEX(All_Risk_Apps!$C$4:$C$1233,_xludf.aggregate(15,6,(ROW(All_Risk_Apps!$A$4:$A$1233)-ROW(All_Risk_Apps!$A$4)+1)/((OR(All_Risk_Apps!$D$4:$D$1233={"High","Very High"}))*(All_Risk_Apps!$K$4:$K$1233="No")*(All_Risk_Apps!$A$4:$A$1233<>"")),50)),"") | E53: =IFERROR(INDEX(All_Risk_Apps!$E$4:$E$1233,_xludf.aggregate(15,6,(ROW(All_Risk_Apps!$A$4:$A$1233)-ROW(All_Risk_Apps!$A$4)+1)/((OR(All_Risk_Apps!$D$4:$D$1233={"High","Very High"}))*(All_Risk_Apps!$K$4:$K$1233="No")*(All_Risk_Apps!$A$4:$A$1233<>"")),50)),"") | F53: =IFERROR(INDEX(All_Risk_Apps!$F$4:$F$1233,_xludf.aggregate(15,6,(ROW(All_Risk_Apps!$A$4:$A$1233)-ROW(All_Risk_Apps!$A$4)+1)/((OR(All_Risk_Apps!$D$4:$D$1233={"High","Very High"}))*(All_Risk_Apps!$K$4:$K$1233="No")*(All_Risk_Apps!$A$4:$A$1233<>"")),50)),"") | G53: =IFERROR(INDEX(All_Risk_Apps!$I$4:$I$1233,_xludf.aggregate(15,6,(ROW(All_Risk_Apps!$A$4:$A$1233)-ROW(All_Risk_Apps!$A$4)+1)/((OR(All_Risk_Apps!$D$4:$D$1233={"High","Very High"}))*(All_Risk_Apps!$K$4:$K$1233="No")*(All_Risk_Apps!$A$4:$A$1233<>"")),50)),"") | H53: =IF(B53="","",IFERROR(INDEX(Server_Inventory!$R:$R,MATCH(B53,Server_Inventory!$Z:$Z,0)),"Not Found")) | I53: =IF(B53="","",IFERROR(INDEX(Server_Inventory!$S:$S,MATCH(B53,Server_Inventory!$Z:$Z,0)),"Not Found")) | J53: =IF(B53="","",COUNTIFS(Server_Inventory!$Z:$Z,B53,Server_Inventory!$P:$P,"R-RETIRED_IN_CMDB")) | K53: =IF(B53="","",IFERROR(INDEX(Container_Inventory!$F:$F,MATCH(B53,Container_Inventory!$L:$L,0)),"Not Found")) | L53: =IF(B53="","",IF(COUNTIF(Finding_List!$A:$A,B53)>0,"Yes","No")) | M53: =IF(B53="","",COUNTIF(Server_Inventory!$Z:$Z,B53)) | N53: =IF(B53="","",COUNTIF(Container_Inventory!$L:$L,B53))
A54: =IFERROR(INDEX(All_Risk_Apps!$A$4:$A$1233,_xludf.aggregate(15,6,(ROW(All_Risk_Apps!$A$4:$A$1233)-ROW(All_Risk_Apps!$A$4)+1)/((OR(All_Risk_Apps!$D$4:$D$1233={"High","Very High"}))*(All_Risk_Apps!$K$4:$K$1233="No")*(All_Risk_Apps!$A$4:$A$1233<>"")),51)),"") | B54: =IFERROR(INDEX(All_Risk_Apps!$B$4:$B$1233,_xludf.aggregate(15,6,(ROW(All_Risk_Apps!$A$4:$A$1233)-ROW(All_Risk_Apps!$A$4)+1)/((OR(All_Risk_Apps!$D$4:$D$1233={"High","Very High"}))*(All_Risk_Apps!$K$4:$K$1233="No")*(All_Risk_Apps!$A$4:$A$1233<>"")),51)),"") | C54: =IFERROR(INDEX(All_Risk_Apps!$D$4:$D$1233,_xludf.aggregate(15,6,(ROW(All_Risk_Apps!$A$4:$A$1233)-ROW(All_Risk_Apps!$A$4)+1)/((OR(All_Risk_Apps!$D$4:$D$1233={"High","Very High"}))*(All_Risk_Apps!$K$4:$K$1233="No")*(All_Risk_Apps!$A$4:$A$1233<>"")),51)),"") | D54: =IFERROR(INDEX(All_Risk_Apps!$C$4:$C$1233,_xludf.aggregate(15,6,(ROW(All_Risk_Apps!$A$4:$A$1233)-ROW(All_Risk_Apps!$A$4)+1)/((OR(All_Risk_Apps!$D$4:$D$1233={"High","Very High"}))*(All_Risk_Apps!$K$4:$K$1233="No")*(All_Risk_Apps!$A$4:$A$1233<>"")),51)),"") | E54: =IFERROR(INDEX(All_Risk_Apps!$E$4:$E$1233,_xludf.aggregate(15,6,(ROW(All_Risk_Apps!$A$4:$A$1233)-ROW(All_Risk_Apps!$A$4)+1)/((OR(All_Risk_Apps!$D$4:$D$1233={"High","Very High"}))*(All_Risk_Apps!$K$4:$K$1233="No")*(All_Risk_Apps!$A$4:$A$1233<>"")),51)),"") | F54: =IFERROR(INDEX(All_Risk_Apps!$F$4:$F$1233,_xludf.aggregate(15,6,(ROW(All_Risk_Apps!$A$4:$A$1233)-ROW(All_Risk_Apps!$A$4)+1)/((OR(All_Risk_Apps!$D$4:$D$1233={"High","Very High"}))*(All_Risk_Apps!$K$4:$K$1233="No")*(All_Risk_Apps!$A$4:$A$1233<>"")),51)),"") | G54: =IFERROR(INDEX(All_Risk_Apps!$I$4:$I$1233,_xludf.aggregate(15,6,(ROW(All_Risk_Apps!$A$4:$A$1233)-ROW(All_Risk_Apps!$A$4)+1)/((OR(All_Risk_Apps!$D$4:$D$1233={"High","Very High"}))*(All_Risk_Apps!$K$4:$K$1233="No")*(All_Risk_Apps!$A$4:$A$1233<>"")),51)),"") | H54: =IF(B54="","",IFERROR(INDEX(Server_Inventory!$R:$R,MATCH(B54,Server_Inventory!$Z:$Z,0)),"Not Found")) | I54: =IF(B54="","",IFERROR(INDEX(Server_Inventory!$S:$S,MATCH(B54,Server_Inventory!$Z:$Z,0)),"Not Found")) | J54: =IF(B54="","",COUNTIFS(Server_Inventory!$Z:$Z,B54,Server_Inventory!$P:$P,"R-RETIRED_IN_CMDB")) | K54: =IF(B54="","",IFERROR(INDEX(Container_Inventory!$F:$F,MATCH(B54,Container_Inventory!$L:$L,0)),"Not Found")) | L54: =IF(B54="","",IF(COUNTIF(Finding_List!$A:$A,B54)>0,"Yes","No")) | M54: =IF(B54="","",COUNTIF(Server_Inventory!$Z:$Z,B54)) | N54: =IF(B54="","",COUNTIF(Container_Inventory!$L:$L,B54))
A55: =IFERROR(INDEX(All_Risk_Apps!$A$4:$A$1233,_xludf.aggregate(15,6,(ROW(All_Risk_Apps!$A$4:$A$1233)-ROW(All_Risk_Apps!$A$4)+1)/((OR(All_Risk_Apps!$D$4:$D$1233={"High","Very High"}))*(All_Risk_Apps!$K$4:$K$1233="No")*(All_Risk_Apps!$A$4:$A$1233<>"")),52)),"") | B55: =IFERROR(INDEX(All_Risk_Apps!$B$4:$B$1233,_xludf.aggregate(15,6,(ROW(All_Risk_Apps!$A$4:$A$1233)-ROW(All_Risk_Apps!$A$4)+1)/((OR(All_Risk_Apps!$D$4:$D$1233={"High","Very High"}))*(All_Risk_Apps!$K$4:$K$1233="No")*(All_Risk_Apps!$A$4:$A$1233<>"")),52)),"") | C55: =IFERROR(INDEX(All_Risk_Apps!$D$4:$D$1233,_xludf.aggregate(15,6,(ROW(All_Risk_Apps!$A$4:$A$1233)-ROW(All_Risk_Apps!$A$4)+1)/((OR(All_Risk_Apps!$D$4:$D$1233={"High","Very High"}))*(All_Risk_Apps!$K$4:$K$1233="No")*(All_Risk_Apps!$A$4:$A$1233<>"")),52)),"") | D55: =IFERROR(INDEX(All_Risk_Apps!$C$4:$C$1233,_xludf.aggregate(15,6,(ROW(All_Risk_Apps!$A$4:$A$1233)-ROW(All_Risk_Apps!$A$4)+1)/((OR(All_Risk_Apps!$D$4:$D$1233={"High","Very High"}))*(All_Risk_Apps!$K$4:$K$1233="No")*(All_Risk_Apps!$A$4:$A$1233<>"")),52)),"") | E55: =IFERROR(INDEX(All_Risk_Apps!$E$4:$E$1233,_xludf.aggregate(15,6,(ROW(All_Risk_Apps!$A$4:$A$1233)-ROW(All_Risk_Apps!$A$4)+1)/((OR(All_Risk_Apps!$D$4:$D$1233={"High","Very High"}))*(All_Risk_Apps!$K$4:$K$1233="No")*(All_Risk_Apps!$A$4:$A$1233<>"")),52)),"") | F55: =IFERROR(INDEX(All_Risk_Apps!$F$4:$F$1233,_xludf.aggregate(15,6,(ROW(All_Risk_Apps!$A$4:$A$1233)-ROW(All_Risk_Apps!$A$4)+1)/((OR(All_Risk_Apps!$D$4:$D$1233={"High","Very High"}))*(All_Risk_Apps!$K$4:$K$1233="No")*(All_Risk_Apps!$A$4:$A$1233<>"")),52)),"") | G55: =IFERROR(INDEX(All_Risk_Apps!$I$4:$I$1233,_xludf.aggregate(15,6,(ROW(All_Risk_Apps!$A$4:$A$1233)-ROW(All_Risk_Apps!$A$4)+1)/((OR(All_Risk_Apps!$D$4:$D$1233={"High","Very High"}))*(All_Risk_Apps!$K$4:$K$1233="No")*(All_Risk_Apps!$A$4:$A$1233<>"")),52)),"") | H55: =IF(B55="","",IFERROR(INDEX(Server_Inventory!$R:$R,MATCH(B55,Server_Inventory!$Z:$Z,0)),"Not Found")) | I55: =IF(B55="","",IFERROR(INDEX(Server_Inventory!$S:$S,MATCH(B55,Server_Inventory!$Z:$Z,0)),"Not Found")) | J55: =IF(B55="","",COUNTIFS(Server_Inventory!$Z:$Z,B55,Server_Inventory!$P:$P,"R-RETIRED_IN_CMDB")) | K55: =IF(B55="","",IFERROR(INDEX(Container_Inventory!$F:$F,MATCH(B55,Container_Inventory!$L:$L,0)),"Not Found")) | L55: =IF(B55="","",IF(COUNTIF(Finding_List!$A:$A,B55)>0,"Yes","No")) | M55: =IF(B55="","",COUNTIF(Server_Inventory!$Z:$Z,B55)) | N55: =IF(B55="","",COUNTIF(Container_Inventory!$L:$L,B55))
A56: =IFERROR(INDEX(All_Risk_Apps!$A$4:$A$1233,_xludf.aggregate(15,6,(ROW(All_Risk_Apps!$A$4:$A$1233)-ROW(All_Risk_Apps!$A$4)+1)/((OR(All_Risk_Apps!$D$4:$D$1233={"High","Very High"}))*(All_Risk_Apps!$K$4:$K$1233="No")*(All_Risk_Apps!$A$4:$A$1233<>"")),53)),"") | B56: =IFERROR(INDEX(All_Risk_Apps!$B$4:$B$1233,_xludf.aggregate(15,6,(ROW(All_Risk_Apps!$A$4:$A$1233)-ROW(All_Risk_Apps!$A$4)+1)/((OR(All_Risk_Apps!$D$4:$D$1233={"High","Very High"}))*(All_Risk_Apps!$K$4:$K$1233="No")*(All_Risk_Apps!$A$4:$A$1233<>"")),53)),"") | C56: =IFERROR(INDEX(All_Risk_Apps!$D$4:$D$1233,_xludf.aggregate(15,6,(ROW(All_Risk_Apps!$A$4:$A$1233)-ROW(All_Risk_Apps!$A$4)+1)/((OR(All_Risk_Apps!$D$4:$D$1233={"High","Very High"}))*(All_Risk_Apps!$K$4:$K$1233="No")*(All_Risk_Apps!$A$4:$A$1233<>"")),53)),"") | D56: =IFERROR(INDEX(All_Risk_Apps!$C$4:$C$1233,_xludf.aggregate(15,6,(ROW(All_Risk_Apps!$A$4:$A$1233)-ROW(All_Risk_Apps!$A$4)+1)/((OR(All_Risk_Apps!$D$4:$D$1233={"High","Very High"}))*(All_Risk_Apps!$K$4:$K$1233="No")*(All_Risk_Apps!$A$4:$A$1233<>"")),53)),"") | E56: =IFERROR(INDEX(All_Risk_Apps!$E$4:$E$1233,_xludf.aggregate(15,6,(ROW(All_Risk_Apps!$A$4:$A$1233)-ROW(All_Risk_Apps!$A$4)+1)/((OR(All_Risk_Apps!$D$4:$D$1233={"High","Very High"}))*(All_Risk_Apps!$K$4:$K$1233="No")*(All_Risk_Apps!$A$4:$A$1233<>"")),53)),"") | F56: =IFERROR(INDEX(All_Risk_Apps!$F$4:$F$1233,_xludf.aggregate(15,6,(ROW(All_Risk_Apps!$A$4:$A$1233)-ROW(All_Risk_Apps!$A$4)+1)/((OR(All_Risk_Apps!$D$4:$D$1233={"High","Very High"}))*(All_Risk_Apps!$K$4:$K$1233="No")*(All_Risk_Apps!$A$4:$A$1233<>"")),53)),"") | G56: =IFERROR(INDEX(All_Risk_Apps!$I$4:$I$1233,_xludf.aggregate(15,6,(ROW(All_Risk_Apps!$A$4:$A$1233)-ROW(All_Risk_Apps!$A$4)+1)/((OR(All_Risk_Apps!$D$4:$D$1233={"High","Very High"}))*(All_Risk_Apps!$K$4:$K$1233="No")*(All_Risk_Apps!$A$4:$A$1233<>"")),53)),"") | H56: =IF(B56="","",IFERROR(INDEX(Server_Inventory!$R:$R,MATCH(B56,Server_Inventory!$Z:$Z,0)),"Not Found")) | I56: =IF(B56="","",IFERROR(INDEX(Server_Inventory!$S:$S,MATCH(B56,Server_Inventory!$Z:$Z,0)),"Not Found")) | J56: =IF(B56="","",COUNTIFS(Server_Inventory!$Z:$Z,B56,Server_Inventory!$P:$P,"R-RETIRED_IN_CMDB")) | K56: =IF(B56="","",IFERROR(INDEX(Container_Inventory!$F:$F,MATCH(B56,Container_Inventory!$L:$L,0)),"Not Found")) | L56: =IF(B56="","",IF(COUNTIF(Finding_List!$A:$A,B56)>0,"Yes","No")) | M56: =IF(B56="","",COUNTIF(Server_Inventory!$Z:$Z,B56)) | N56: =IF(B56="","",COUNTIF(Container_Inventory!$L:$L,B56))
A57: =IFERROR(INDEX(All_Risk_Apps!$A$4:$A$1233,_xludf.aggregate(15,6,(ROW(All_Risk_Apps!$A$4:$A$1233)-ROW(All_Risk_Apps!$A$4)+1)/((OR(All_Risk_Apps!$D$4:$D$1233={"High","Very High"}))*(All_Risk_Apps!$K$4:$K$1233="No")*(All_Risk_Apps!$A$4:$A$1233<>"")),54)),"") | B57: =IFERROR(INDEX(All_Risk_Apps!$B$4:$B$1233,_xludf.aggregate(15,6,(ROW(All_Risk_Apps!$A$4:$A$1233)-ROW(All_Risk_Apps!$A$4)+1)/((OR(All_Risk_Apps!$D$4:$D$1233={"High","Very High"}))*(All_Risk_Apps!$K$4:$K$1233="No")*(All_Risk_Apps!$A$4:$A$1233<>"")),54)),"") | C57: =IFERROR(INDEX(All_Risk_Apps!$D$4:$D$1233,_xludf.aggregate(15,6,(ROW(All_Risk_Apps!$A$4:$A$1233)-ROW(All_Risk_Apps!$A$4)+1)/((OR(All_Risk_Apps!$D$4:$D$1233={"High","Very High"}))*(All_Risk_Apps!$K$4:$K$1233="No")*(All_Risk_Apps!$A$4:$A$1233<>"")),54)),"") | D57: =IFERROR(INDEX(All_Risk_Apps!$C$4:$C$1233,_xludf.aggregate(15,6,(ROW(All_Risk_Apps!$A$4:$A$1233)-ROW(All_Risk_Apps!$A$4)+1)/((OR(All_Risk_Apps!$D$4:$D$1233={"High","Very High"}))*(All_Risk_Apps!$K$4:$K$1233="No")*(All_Risk_Apps!$A$4:$A$1233<>"")),54)),"") | E57: =IFERROR(INDEX(All_Risk_Apps!$E$4:$E$1233,_xludf.aggregate(15,6,(ROW(All_Risk_Apps!$A$4:$A$1233)-ROW(All_Risk_Apps!$A$4)+1)/((OR(All_Risk_Apps!$D$4:$D$1233={"High","Very High"}))*(All_Risk_Apps!$K$4:$K$1233="No")*(All_Risk_Apps!$A$4:$A$1233<>"")),54)),"") | F57: =IFERROR(INDEX(All_Risk_Apps!$F$4:$F$1233,_xludf.aggregate(15,6,(ROW(All_Risk_Apps!$A$4:$A$1233)-ROW(All_Risk_Apps!$A$4)+1)/((OR(All_Risk_Apps!$D$4:$D$1233={"High","Very High"}))*(All_Risk_Apps!$K$4:$K$1233="No")*(All_Risk_Apps!$A$4:$A$1233<>"")),54)),"") | G57: =IFERROR(INDEX(All_Risk_Apps!$I$4:$I$1233,_xludf.aggregate(15,6,(ROW(All_Risk_Apps!$A$4:$A$1233)-ROW(All_Risk_Apps!$A$4)+1)/((OR(All_Risk_Apps!$D$4:$D$1233={"High","Very High"}))*(All_Risk_Apps!$K$4:$K$1233="No")*(All_Risk_Apps!$A$4:$A$1233<>"")),54)),"") | H57: =IF(B57="","",IFERROR(INDEX(Server_Inventory!$R:$R,MATCH(B57,Server_Inventory!$Z:$Z,0)),"Not Found")) | I57: =IF(B57="","",IFERROR(INDEX(Server_Inventory!$S:$S,MATCH(B57,Server_Inventory!$Z:$Z,0)),"Not Found")) | J57: =IF(B57="","",COUNTIFS(Server_Inventory!$Z:$Z,B57,Server_Inventory!$P:$P,"R-RETIRED_IN_CMDB")) | K57: =IF(B57="","",IFERROR(INDEX(Container_Inventory!$F:$F,MATCH(B57,Container_Inventory!$L:$L,0)),"Not Found")) | L57: =IF(B57="","",IF(COUNTIF(Finding_List!$A:$A,B57)>0,"Yes","No")) | M57: =IF(B57="","",COUNTIF(Server_Inventory!$Z:$Z,B57)) | N57: =IF(B57="","",COUNTIF(Container_Inventory!$L:$L,B57))
A58: =IFERROR(INDEX(All_Risk_Apps!$A$4:$A$1233,_xludf.aggregate(15,6,(ROW(All_Risk_Apps!$A$4:$A$1233)-ROW(All_Risk_Apps!$A$4)+1)/((OR(All_Risk_Apps!$D$4:$D$1233={"High","Very High"}))*(All_Risk_Apps!$K$4:$K$1233="No")*(All_Risk_Apps!$A$4:$A$1233<>"")),55)),"") | B58: =IFERROR(INDEX(All_Risk_Apps!$B$4:$B$1233,_xludf.aggregate(15,6,(ROW(All_Risk_Apps!$A$4:$A$1233)-ROW(All_Risk_Apps!$A$4)+1)/((OR(All_Risk_Apps!$D$4:$D$1233={"High","Very High"}))*(All_Risk_Apps!$K$4:$K$1233="No")*(All_Risk_Apps!$A$4:$A$1233<>"")),55)),"") | C58: =IFERROR(INDEX(All_Risk_Apps!$D$4:$D$1233,_xludf.aggregate(15,6,(ROW(All_Risk_Apps!$A$4:$A$1233)-ROW(All_Risk_Apps!$A$4)+1)/((OR(All_Risk_Apps!$D$4:$D$1233={"High","Very High"}))*(All_Risk_Apps!$K$4:$K$1233="No")*(All_Risk_Apps!$A$4:$A$1233<>"")),55)),"") | D58: =IFERROR(INDEX(All_Risk_Apps!$C$4:$C$1233,_xludf.aggregate(15,6,(ROW(All_Risk_Apps!$A$4:$A$1233)-ROW(All_Risk_Apps!$A$4)+1)/((OR(All_Risk_Apps!$D$4:$D$1233={"High","Very High"}))*(All_Risk_Apps!$K$4:$K$1233="No")*(All_Risk_Apps!$A$4:$A$1233<>"")),55)),"") | E58: =IFERROR(INDEX(All_Risk_Apps!$E$4:$E$1233,_xludf.aggregate(15,6,(ROW(All_Risk_Apps!$A$4:$A$1233)-ROW(All_Risk_Apps!$A$4)+1)/((OR(All_Risk_Apps!$D$4:$D$1233={"High","Very High"}))*(All_Risk_Apps!$K$4:$K$1233="No")*(All_Risk_Apps!$A$4:$A$1233<>"")),55)),"") | F58: =IFERROR(INDEX(All_Risk_Apps!$F$4:$F$1233,_xludf.aggregate(15,6,(ROW(All_Risk_Apps!$A$4:$A$1233)-ROW(All_Risk_Apps!$A$4)+1)/((OR(All_Risk_Apps!$D$4:$D$1233={"High","Very High"}))*(All_Risk_Apps!$K$4:$K$1233="No")*(All_Risk_Apps!$A$4:$A$1233<>"")),55)),"") | G58: =IFERROR(INDEX(All_Risk_Apps!$I$4:$I$1233,_xludf.aggregate(15,6,(ROW(All_Risk_Apps!$A$4:$A$1233)-ROW(All_Risk_Apps!$A$4)+1)/((OR(All_Risk_Apps!$D$4:$D$1233={"High","Very High"}))*(All_Risk_Apps!$K$4:$K$1233="No")*(All_Risk_Apps!$A$4:$A$1233<>"")),55)),"") | H58: =IF(B58="","",IFERROR(INDEX(Server_Inventory!$R:$R,MATCH(B58,Server_Inventory!$Z:$Z,0)),"Not Found")) | I58: =IF(B58="","",IFERROR(INDEX(Server_Inventory!$S:$S,MATCH(B58,Server_Inventory!$Z:$Z,0)),"Not Found")) | J58: =IF(B58="","",COUNTIFS(Server_Inventory!$Z:$Z,B58,Server_Inventory!$P:$P,"R-RETIRED_IN_CMDB")) | K58: =IF(B58="","",IFERROR(INDEX(Container_Inventory!$F:$F,MATCH(B58,Container_Inventory!$L:$L,0)),"Not Found")) | L58: =IF(B58="","",IF(COUNTIF(Finding_List!$A:$A,B58)>0,"Yes","No")) | M58: =IF(B58="","",COUNTIF(Server_Inventory!$Z:$Z,B58)) | N58: =IF(B58="","",COUNTIF(Container_Inventory!$L:$L,B58))
A59: =IFERROR(INDEX(All_Risk_Apps!$A$4:$A$1233,_xludf.aggregate(15,6,(ROW(All_Risk_Apps!$A$4:$A$1233)-ROW(All_Risk_Apps!$A$4)+1)/((OR(All_Risk_Apps!$D$4:$D$1233={"High","Very High"}))*(All_Risk_Apps!$K$4:$K$1233="No")*(All_Risk_Apps!$A$4:$A$1233<>"")),56)),"") | B59: =IFERROR(INDEX(All_Risk_Apps!$B$4:$B$1233,_xludf.aggregate(15,6,(ROW(All_Risk_Apps!$A$4:$A$1233)-ROW(All_Risk_Apps!$A$4)+1)/((OR(All_Risk_Apps!$D$4:$D$1233={"High","Very High"}))*(All_Risk_Apps!$K$4:$K$1233="No")*(All_Risk_Apps!$A$4:$A$1233<>"")),56)),"") | C59: =IFERROR(INDEX(All_Risk_Apps!$D$4:$D$1233,_xludf.aggregate(15,6,(ROW(All_Risk_Apps!$A$4:$A$1233)-ROW(All_Risk_Apps!$A$4)+1)/((OR(All_Risk_Apps!$D$4:$D$1233={"High","Very High"}))*(All_Risk_Apps!$K$4:$K$1233="No")*(All_Risk_Apps!$A$4:$A$1233<>"")),56)),"") | D59: =IFERROR(INDEX(All_Risk_Apps!$C$4:$C$1233,_xludf.aggregate(15,6,(ROW(All_Risk_Apps!$A$4:$A$1233)-ROW(All_Risk_Apps!$A$4)+1)/((OR(All_Risk_Apps!$D$4:$D$1233={"High","Very High"}))*(All_Risk_Apps!$K$4:$K$1233="No")*(All_Risk_Apps!$A$4:$A$1233<>"")),56)),"") | E59: =IFERROR(INDEX(All_Risk_Apps!$E$4:$E$1233,_xludf.aggregate(15,6,(ROW(All_Risk_Apps!$A$4:$A$1233)-ROW(All_Risk_Apps!$A$4)+1)/((OR(All_Risk_Apps!$D$4:$D$1233={"High","Very High"}))*(All_Risk_Apps!$K$4:$K$1233="No")*(All_Risk_Apps!$A$4:$A$1233<>"")),56)),"") | F59: =IFERROR(INDEX(All_Risk_Apps!$F$4:$F$1233,_xludf.aggregate(15,6,(ROW(All_Risk_Apps!$A$4:$A$1233)-ROW(All_Risk_Apps!$A$4)+1)/((OR(All_Risk_Apps!$D$4:$D$1233={"High","Very High"}))*(All_Risk_Apps!$K$4:$K$1233="No")*(All_Risk_Apps!$A$4:$A$1233<>"")),56)),"") | G59: =IFERROR(INDEX(All_Risk_Apps!$I$4:$I$1233,_xludf.aggregate(15,6,(ROW(All_Risk_Apps!$A$4:$A$1233)-ROW(All_Risk_Apps!$A$4)+1)/((OR(All_Risk_Apps!$D$4:$D$1233={"High","Very High"}))*(All_Risk_Apps!$K$4:$K$1233="No")*(All_Risk_Apps!$A$4:$A$1233<>"")),56)),"") | H59: =IF(B59="","",IFERROR(INDEX(Server_Inventory!$R:$R,MATCH(B59,Server_Inventory!$Z:$Z,0)),"Not Found")) | I59: =IF(B59="","",IFERROR(INDEX(Server_Inventory!$S:$S,MATCH(B59,Server_Inventory!$Z:$Z,0)),"Not Found")) | J59: =IF(B59="","",COUNTIFS(Server_Inventory!$Z:$Z,B59,Server_Inventory!$P:$P,"R-RETIRED_IN_CMDB")) | K59: =IF(B59="","",IFERROR(INDEX(Container_Inventory!$F:$F,MATCH(B59,Container_Inventory!$L:$L,0)),"Not Found")) | L59: =IF(B59="","",IF(COUNTIF(Finding_List!$A:$A,B59)>0,"Yes","No")) | M59: =IF(B59="","",COUNTIF(Server_Inventory!$Z:$Z,B59)) | N59: =IF(B59="","",COUNTIF(Container_Inventory!$L:$L,B59))
A60: =IFERROR(INDEX(All_Risk_Apps!$A$4:$A$1233,_xludf.aggregate(15,6,(ROW(All_Risk_Apps!$A$4:$A$1233)-ROW(All_Risk_Apps!$A$4)+1)/((OR(All_Risk_Apps!$D$4:$D$1233={"High","Very High"}))*(All_Risk_Apps!$K$4:$K$1233="No")*(All_Risk_Apps!$A$4:$A$1233<>"")),57)),"") | B60: =IFERROR(INDEX(All_Risk_Apps!$B$4:$B$1233,_xludf.aggregate(15,6,(ROW(All_Risk_Apps!$A$4:$A$1233)-ROW(All_Risk_Apps!$A$4)+1)/((OR(All_Risk_Apps!$D$4:$D$1233={"High","Very High"}))*(All_Risk_Apps!$K$4:$K$1233="No")*(All_Risk_Apps!$A$4:$A$1233<>"")),57)),"") | C60: =IFERROR(INDEX(All_Risk_Apps!$D$4:$D$1233,_xludf.aggregate(15,6,(ROW(All_Risk_Apps!$A$4:$A$1233)-ROW(All_Risk_Apps!$A$4)+1)/((OR(All_Risk_Apps!$D$4:$D$1233={"High","Very High"}))*(All_Risk_Apps!$K$4:$K$1233="No")*(All_Risk_Apps!$A$4:$A$1233<>"")),57)),"") | D60: =IFERROR(INDEX(All_Risk_Apps!$C$4:$C$1233,_xludf.aggregate(15,6,(ROW(All_Risk_Apps!$A$4:$A$1233)-ROW(All_Risk_Apps!$A$4)+1)/((OR(All_Risk_Apps!$D$4:$D$1233={"High","Very High"}))*(All_Risk_Apps!$K$4:$K$1233="No")*(All_Risk_Apps!$A$4:$A$1233<>"")),57)),"") | E60: =IFERROR(INDEX(All_Risk_Apps!$E$4:$E$1233,_xludf.aggregate(15,6,(ROW(All_Risk_Apps!$A$4:$A$1233)-ROW(All_Risk_Apps!$A$4)+1)/((OR(All_Risk_Apps!$D$4:$D$1233={"High","Very High"}))*(All_Risk_Apps!$K$4:$K$1233="No")*(All_Risk_Apps!$A$4:$A$1233<>"")),57)),"") | F60: =IFERROR(INDEX(All_Risk_Apps!$F$4:$F$1233,_xludf.aggregate(15,6,(ROW(All_Risk_Apps!$A$4:$A$1233)-ROW(All_Risk_Apps!$A$4)+1)/((OR(All_Risk_Apps!$D$4:$D$1233={"High","Very High"}))*(All_Risk_Apps!$K$4:$K$1233="No")*(All_Risk_Apps!$A$4:$A$1233<>"")),57)),"") | G60: =IFERROR(INDEX(All_Risk_Apps!$I$4:$I$1233,_xludf.aggregate(15,6,(ROW(All_Risk_Apps!$A$4:$A$1233)-ROW(All_Risk_Apps!$A$4)+1)/((OR(All_Risk_Apps!$D$4:$D$1233={"High","Very High"}))*(All_Risk_Apps!$K$4:$K$1233="No")*(All_Risk_Apps!$A$4:$A$1233<>"")),57)),"") | H60: =IF(B60="","",IFERROR(INDEX(Server_Inventory!$R:$R,MATCH(B60,Server_Inventory!$Z:$Z,0)),"Not Found")) | I60: =IF(B60="","",IFERROR(INDEX(Server_Inventory!$S:$S,MATCH(B60,Server_Inventory!$Z:$Z,0)),"Not Found")) | J60: =IF(B60="","",COUNTIFS(Server_Inventory!$Z:$Z,B60,Server_Inventory!$P:$P,"R-RETIRED_IN_CMDB")) | K60: =IF(B60="","",IFERROR(INDEX(Container_Inventory!$F:$F,MATCH(B60,Container_Inventory!$L:$L,0)),"Not Found")) | L60: =IF(B60="","",IF(COUNTIF(Finding_List!$A:$A,B60)>0,"Yes","No")) | M60: =IF(B60="","",COUNTIF(Server_Inventory!$Z:$Z,B60)) | N60: =IF(B60="","",COUNTIF(Container_Inventory!$L:$L,B60))
A61: =IFERROR(INDEX(All_Risk_Apps!$A$4:$A$1233,_xludf.aggregate(15,6,(ROW(All_Risk_Apps!$A$4:$A$1233)-ROW(All_Risk_Apps!$A$4)+1)/((OR(All_Risk_Apps!$D$4:$D$1233={"High","Very High"}))*(All_Risk_Apps!$K$4:$K$1233="No")*(All_Risk_Apps!$A$4:$A$1233<>"")),58)),"") | B61: =IFERROR(INDEX(All_Risk_Apps!$B$4:$B$1233,_xludf.aggregate(15,6,(ROW(All_Risk_Apps!$A$4:$A$1233)-ROW(All_Risk_Apps!$A$4)+1)/((OR(All_Risk_Apps!$D$4:$D$1233={"High","Very High"}))*(All_Risk_Apps!$K$4:$K$1233="No")*(All_Risk_Apps!$A$4:$A$1233<>"")),58)),"") | C61: =IFERROR(INDEX(All_Risk_Apps!$D$4:$D$1233,_xludf.aggregate(15,6,(ROW(All_Risk_Apps!$A$4:$A$1233)-ROW(All_Risk_Apps!$A$4)+1)/((OR(All_Risk_Apps!$D$4:$D$1233={"High","Very High"}))*(All_Risk_Apps!$K$4:$K$1233="No")*(All_Risk_Apps!$A$4:$A$1233<>"")),58)),"") | D61: =IFERROR(INDEX(All_Risk_Apps!$C$4:$C$1233,_xludf.aggregate(15,6,(ROW(All_Risk_Apps!$A$4:$A$1233)-ROW(All_Risk_Apps!$A$4)+1)/((OR(All_Risk_Apps!$D$4:$D$1233={"High","Very High"}))*(All_Risk_Apps!$K$4:$K$1233="No")*(All_Risk_Apps!$A$4:$A$1233<>"")),58)),"") | E61: =IFERROR(INDEX(All_Risk_Apps!$E$4:$E$1233,_xludf.aggregate(15,6,(ROW(All_Risk_Apps!$A$4:$A$1233)-ROW(All_Risk_Apps!$A$4)+1)/((OR(All_Risk_Apps!$D$4:$D$1233={"High","Very High"}))*(All_Risk_Apps!$K$4:$K$1233="No")*(All_Risk_Apps!$A$4:$A$1233<>"")),58)),"") | F61: =IFERROR(INDEX(All_Risk_Apps!$F$4:$F$1233,_xludf.aggregate(15,6,(ROW(All_Risk_Apps!$A$4:$A$1233)-ROW(All_Risk_Apps!$A$4)+1)/((OR(All_Risk_Apps!$D$4:$D$1233={"High","Very High"}))*(All_Risk_Apps!$K$4:$K$1233="No")*(All_Risk_Apps!$A$4:$A$1233<>"")),58)),"") | G61: =IFERROR(INDEX(All_Risk_Apps!$I$4:$I$1233,_xludf.aggregate(15,6,(ROW(All_Risk_Apps!$A$4:$A$1233)-ROW(All_Risk_Apps!$A$4)+1)/((OR(All_Risk_Apps!$D$4:$D$1233={"High","Very High"}))*(All_Risk_Apps!$K$4:$K$1233="No")*(All_Risk_Apps!$A$4:$A$1233<>"")),58)),"") | H61: =IF(B61="","",IFERROR(INDEX(Server_Inventory!$R:$R,MATCH(B61,Server_Inventory!$Z:$Z,0)),"Not Found")) | I61: =IF(B61="","",IFERROR(INDEX(Server_Inventory!$S:$S,MATCH(B61,Server_Inventory!$Z:$Z,0)),"Not Found")) | J61: =IF(B61="","",COUNTIFS(Server_Inventory!$Z:$Z,B61,Server_Inventory!$P:$P,"R-RETIRED_IN_CMDB")) | K61: =IF(B61="","",IFERROR(INDEX(Container_Inventory!$F:$F,MATCH(B61,Container_Inventory!$L:$L,0)),"Not Found")) | L61: =IF(B61="","",IF(COUNTIF(Finding_List!$A:$A,B61)>0,"Yes","No")) | M61: =IF(B61="","",COUNTIF(Server_Inventory!$Z:$Z,B61)) | N61: =IF(B61="","",COUNTIF(Container_Inventory!$L:$L,B61))
A62: =IFERROR(INDEX(All_Risk_Apps!$A$4:$A$1233,_xludf.aggregate(15,6,(ROW(All_Risk_Apps!$A$4:$A$1233)-ROW(All_Risk_Apps!$A$4)+1)/((OR(All_Risk_Apps!$D$4:$D$1233={"High","Very High"}))*(All_Risk_Apps!$K$4:$K$1233="No")*(All_Risk_Apps!$A$4:$A$1233<>"")),59)),"") | B62: =IFERROR(INDEX(All_Risk_Apps!$B$4:$B$1233,_xludf.aggregate(15,6,(ROW(All_Risk_Apps!$A$4:$A$1233)-ROW(All_Risk_Apps!$A$4)+1)/((OR(All_Risk_Apps!$D$4:$D$1233={"High","Very High"}))*(All_Risk_Apps!$K$4:$K$1233="No")*(All_Risk_Apps!$A$4:$A$1233<>"")),59)),"") | C62: =IFERROR(INDEX(All_Risk_Apps!$D$4:$D$1233,_xludf.aggregate(15,6,(ROW(All_Risk_Apps!$A$4:$A$1233)-ROW(All_Risk_Apps!$A$4)+1)/((OR(All_Risk_Apps!$D$4:$D$1233={"High","Very High"}))*(All_Risk_Apps!$K$4:$K$1233="No")*(All_Risk_Apps!$A$4:$A$1233<>"")),59)),"") | D62: =IFERROR(INDEX(All_Risk_Apps!$C$4:$C$1233,_xludf.aggregate(15,6,(ROW(All_Risk_Apps!$A$4:$A$1233)-ROW(All_Risk_Apps!$A$4)+1)/((OR(All_Risk_Apps!$D$4:$D$1233={"High","Very High"}))*(All_Risk_Apps!$K$4:$K$1233="No")*(All_Risk_Apps!$A$4:$A$1233<>"")),59)),"") | E62: =IFERROR(INDEX(All_Risk_Apps!$E$4:$E$1233,_xludf.aggregate(15,6,(ROW(All_Risk_Apps!$A$4:$A$1233)-ROW(All_Risk_Apps!$A$4)+1)/((OR(All_Risk_Apps!$D$4:$D$1233={"High","Very High"}))*(All_Risk_Apps!$K$4:$K$1233="No")*(All_Risk_Apps!$A$4:$A$1233<>"")),59)),"") | F62: =IFERROR(INDEX(All_Risk_Apps!$F$4:$F$1233,_xludf.aggregate(15,6,(ROW(All_Risk_Apps!$A$4:$A$1233)-ROW(All_Risk_Apps!$A$4)+1)/((OR(All_Risk_Apps!$D$4:$D$1233={"High","Very High"}))*(All_Risk_Apps!$K$4:$K$1233="No")*(All_Risk_Apps!$A$4:$A$1233<>"")),59)),"") | G62: =IFERROR(INDEX(All_Risk_Apps!$I$4:$I$1233,_xludf.aggregate(15,6,(ROW(All_Risk_Apps!$A$4:$A$1233)-ROW(All_Risk_Apps!$A$4)+1)/((OR(All_Risk_Apps!$D$4:$D$1233={"High","Very High"}))*(All_Risk_Apps!$K$4:$K$1233="No")*(All_Risk_Apps!$A$4:$A$1233<>"")),59)),"") | H62: =IF(B62="","",IFERROR(INDEX(Server_Inventory!$R:$R,MATCH(B62,Server_Inventory!$Z:$Z,0)),"Not Found")) | I62: =IF(B62="","",IFERROR(INDEX(Server_Inventory!$S:$S,MATCH(B62,Server_Inventory!$Z:$Z,0)),"Not Found")) | J62: =IF(B62="","",COUNTIFS(Server_Inventory!$Z:$Z,B62,Server_Inventory!$P:$P,"R-RETIRED_IN_CMDB")) | K62: =IF(B62="","",IFERROR(INDEX(Container_Inventory!$F:$F,MATCH(B62,Container_Inventory!$L:$L,0)),"Not Found")) | L62: =IF(B62="","",IF(COUNTIF(Finding_List!$A:$A,B62)>0,"Yes","No")) | M62: =IF(B62="","",COUNTIF(Server_Inventory!$Z:$Z,B62)) | N62: =IF(B62="","",COUNTIF(Container_Inventory!$L:$L,B62))
A63: =IFERROR(INDEX(All_Risk_Apps!$A$4:$A$1233,_xludf.aggregate(15,6,(ROW(All_Risk_Apps!$A$4:$A$1233)-ROW(All_Risk_Apps!$A$4)+1)/((OR(All_Risk_Apps!$D$4:$D$1233={"High","Very High"}))*(All_Risk_Apps!$K$4:$K$1233="No")*(All_Risk_Apps!$A$4:$A$1233<>"")),60)),"") | B63: =IFERROR(INDEX(All_Risk_Apps!$B$4:$B$1233,_xludf.aggregate(15,6,(ROW(All_Risk_Apps!$A$4:$A$1233)-ROW(All_Risk_Apps!$A$4)+1)/((OR(All_Risk_Apps!$D$4:$D$1233={"High","Very High"}))*(All_Risk_Apps!$K$4:$K$1233="No")*(All_Risk_Apps!$A$4:$A$1233<>"")),60)),"") | C63: =IFERROR(INDEX(All_Risk_Apps!$D$4:$D$1233,_xludf.aggregate(15,6,(ROW(All_Risk_Apps!$A$4:$A$1233)-ROW(All_Risk_Apps!$A$4)+1)/((OR(All_Risk_Apps!$D$4:$D$1233={"High","Very High"}))*(All_Risk_Apps!$K$4:$K$1233="No")*(All_Risk_Apps!$A$4:$A$1233<>"")),60)),"") | D63: =IFERROR(INDEX(All_Risk_Apps!$C$4:$C$1233,_xludf.aggregate(15,6,(ROW(All_Risk_Apps!$A$4:$A$1233)-ROW(All_Risk_Apps!$A$4)+1)/((OR(All_Risk_Apps!$D$4:$D$1233={"High","Very High"}))*(All_Risk_Apps!$K$4:$K$1233="No")*(All_Risk_Apps!$A$4:$A$1233<>"")),60)),"") | E63: =IFERROR(INDEX(All_Risk_Apps!$E$4:$E$1233,_xludf.aggregate(15,6,(ROW(All_Risk_Apps!$A$4:$A$1233)-ROW(All_Risk_Apps!$A$4)+1)/((OR(All_Risk_Apps!$D$4:$D$1233={"High","Very High"}))*(All_Risk_Apps!$K$4:$K$1233="No")*(All_Risk_Apps!$A$4:$A$1233<>"")),60)),"") | F63: =IFERROR(INDEX(All_Risk_Apps!$F$4:$F$1233,_xludf.aggregate(15,6,(ROW(All_Risk_Apps!$A$4:$A$1233)-ROW(All_Risk_Apps!$A$4)+1)/((OR(All_Risk_Apps!$D$4:$D$1233={"High","Very High"}))*(All_Risk_Apps!$K$4:$K$1233="No")*(All_Risk_Apps!$A$4:$A$1233<>"")),60)),"") | G63: =IFERROR(INDEX(All_Risk_Apps!$I$4:$I$1233,_xludf.aggregate(15,6,(ROW(All_Risk_Apps!$A$4:$A$1233)-ROW(All_Risk_Apps!$A$4)+1)/((OR(All_Risk_Apps!$D$4:$D$1233={"High","Very High"}))*(All_Risk_Apps!$K$4:$K$1233="No")*(All_Risk_Apps!$A$4:$A$1233<>"")),60)),"") | H63: =IF(B63="","",IFERROR(INDEX(Server_Inventory!$R:$R,MATCH(B63,Server_Inventory!$Z:$Z,0)),"Not Found")) | I63: =IF(B63="","",IFERROR(INDEX(Server_Inventory!$S:$S,MATCH(B63,Server_Inventory!$Z:$Z,0)),"Not Found")) | J63: =IF(B63="","",COUNTIFS(Server_Inventory!$Z:$Z,B63,Server_Inventory!$P:$P,"R-RETIRED_IN_CMDB")) | K63: =IF(B63="","",IFERROR(INDEX(Container_Inventory!$F:$F,MATCH(B63,Container_Inventory!$L:$L,0)),"Not Found")) | L63: =IF(B63="","",IF(COUNTIF(Finding_List!$A:$A,B63)>0,"Yes","No")) | M63: =IF(B63="","",COUNTIF(Server_Inventory!$Z:$Z,B63)) | N63: =IF(B63="","",COUNTIF(Container_Inventory!$L:$L,B63))
A64: =IFERROR(INDEX(All_Risk_Apps!$A$4:$A$1233,_xludf.aggregate(15,6,(ROW(All_Risk_Apps!$A$4:$A$1233)-ROW(All_Risk_Apps!$A$4)+1)/((OR(All_Risk_Apps!$D$4:$D$1233={"High","Very High"}))*(All_Risk_Apps!$K$4:$K$1233="No")*(All_Risk_Apps!$A$4:$A$1233<>"")),61)),"") | B64: =IFERROR(INDEX(All_Risk_Apps!$B$4:$B$1233,_xludf.aggregate(15,6,(ROW(All_Risk_Apps!$A$4:$A$1233)-ROW(All_Risk_Apps!$A$4)+1)/((OR(All_Risk_Apps!$D$4:$D$1233={"High","Very High"}))*(All_Risk_Apps!$K$4:$K$1233="No")*(All_Risk_Apps!$A$4:$A$1233<>"")),61)),"") | C64: =IFERROR(INDEX(All_Risk_Apps!$D$4:$D$1233,_xludf.aggregate(15,6,(ROW(All_Risk_Apps!$A$4:$A$1233)-ROW(All_Risk_Apps!$A$4)+1)/((OR(All_Risk_Apps!$D$4:$D$1233={"High","Very High"}))*(All_Risk_Apps!$K$4:$K$1233="No")*(All_Risk_Apps!$A$4:$A$1233<>"")),61)),"") | D64: =IFERROR(INDEX(All_Risk_Apps!$C$4:$C$1233,_xludf.aggregate(15,6,(ROW(All_Risk_Apps!$A$4:$A$1233)-ROW(All_Risk_Apps!$A$4)+1)/((OR(All_Risk_Apps!$D$4:$D$1233={"High","Very High"}))*(All_Risk_Apps!$K$4:$K$1233="No")*(All_Risk_Apps!$A$4:$A$1233<>"")),61)),"") | E64: =IFERROR(INDEX(All_Risk_Apps!$E$4:$E$1233,_xludf.aggregate(15,6,(ROW(All_Risk_Apps!$A$4:$A$1233)-ROW(All_Risk_Apps!$A$4)+1)/((OR(All_Risk_Apps!$D$4:$D$1233={"High","Very High"}))*(All_Risk_Apps!$K$4:$K$1233="No")*(All_Risk_Apps!$A$4:$A$1233<>"")),61)),"") | F64: =IFERROR(INDEX(All_Risk_Apps!$F$4:$F$1233,_xludf.aggregate(15,6,(ROW(All_Risk_Apps!$A$4:$A$1233)-ROW(All_Risk_Apps!$A$4)+1)/((OR(All_Risk_Apps!$D$4:$D$1233={"High","Very High"}))*(All_Risk_Apps!$K$4:$K$1233="No")*(All_Risk_Apps!$A$4:$A$1233<>"")),61)),"") | G64: =IFERROR(INDEX(All_Risk_Apps!$I$4:$I$1233,_xludf.aggregate(15,6,(ROW(All_Risk_Apps!$A$4:$A$1233)-ROW(All_Risk_Apps!$A$4)+1)/((OR(All_Risk_Apps!$D$4:$D$1233={"High","Very High"}))*(All_Risk_Apps!$K$4:$K$1233="No")*(All_Risk_Apps!$A$4:$A$1233<>"")),61)),"") | H64: =IF(B64="","",IFERROR(INDEX(Server_Inventory!$R:$R,MATCH(B64,Server_Inventory!$Z:$Z,0)),"Not Found")) | I64: =IF(B64="","",IFERROR(INDEX(Server_Inventory!$S:$S,MATCH(B64,Server_Inventory!$Z:$Z,0)),"Not Found")) | J64: =IF(B64="","",COUNTIFS(Server_Inventory!$Z:$Z,B64,Server_Inventory!$P:$P,"R-RETIRED_IN_CMDB")) | K64: =IF(B64="","",IFERROR(INDEX(Container_Inventory!$F:$F,MATCH(B64,Container_Inventory!$L:$L,0)),"Not Found")) | L64: =IF(B64="","",IF(COUNTIF(Finding_List!$A:$A,B64)>0,"Yes","No")) | M64: =IF(B64="","",COUNTIF(Server_Inventory!$Z:$Z,B64)) | N64: =IF(B64="","",COUNTIF(Container_Inventory!$L:$L,B64))
A65: =IFERROR(INDEX(All_Risk_Apps!$A$4:$A$1233,_xludf.aggregate(15,6,(ROW(All_Risk_Apps!$A$4:$A$1233)-ROW(All_Risk_Apps!$A$4)+1)/((OR(All_Risk_Apps!$D$4:$D$1233={"High","Very High"}))*(All_Risk_Apps!$K$4:$K$1233="No")*(All_Risk_Apps!$A$4:$A$1233<>"")),62)),"") | B65: =IFERROR(INDEX(All_Risk_Apps!$B$4:$B$1233,_xludf.aggregate(15,6,(ROW(All_Risk_Apps!$A$4:$A$1233)-ROW(All_Risk_Apps!$A$4)+1)/((OR(All_Risk_Apps!$D$4:$D$1233={"High","Very High"}))*(All_Risk_Apps!$K$4:$K$1233="No")*(All_Risk_Apps!$A$4:$A$1233<>"")),62)),"") | C65: =IFERROR(INDEX(All_Risk_Apps!$D$4:$D$1233,_xludf.aggregate(15,6,(ROW(All_Risk_Apps!$A$4:$A$1233)-ROW(All_Risk_Apps!$A$4)+1)/((OR(All_Risk_Apps!$D$4:$D$1233={"High","Very High"}))*(All_Risk_Apps!$K$4:$K$1233="No")*(All_Risk_Apps!$A$4:$A$1233<>"")),62)),"") | D65: =IFERROR(INDEX(All_Risk_Apps!$C$4:$C$1233,_xludf.aggregate(15,6,(ROW(All_Risk_Apps!$A$4:$A$1233)-ROW(All_Risk_Apps!$A$4)+1)/((OR(All_Risk_Apps!$D$4:$D$1233={"High","Very High"}))*(All_Risk_Apps!$K$4:$K$1233="No")*(All_Risk_Apps!$A$4:$A$1233<>"")),62)),"") | E65: =IFERROR(INDEX(All_Risk_Apps!$E$4:$E$1233,_xludf.aggregate(15,6,(ROW(All_Risk_Apps!$A$4:$A$1233)-ROW(All_Risk_Apps!$A$4)+1)/((OR(All_Risk_Apps!$D$4:$D$1233={"High","Very High"}))*(All_Risk_Apps!$K$4:$K$1233="No")*(All_Risk_Apps!$A$4:$A$1233<>"")),62)),"") | F65: =IFERROR(INDEX(All_Risk_Apps!$F$4:$F$1233,_xludf.aggregate(15,6,(ROW(All_Risk_Apps!$A$4:$A$1233)-ROW(All_Risk_Apps!$A$4)+1)/((OR(All_Risk_Apps!$D$4:$D$1233={"High","Very High"}))*(All_Risk_Apps!$K$4:$K$1233="No")*(All_Risk_Apps!$A$4:$A$1233<>"")),62)),"") | G65: =IFERROR(INDEX(All_Risk_Apps!$I$4:$I$1233,_xludf.aggregate(15,6,(ROW(All_Risk_Apps!$A$4:$A$1233)-ROW(All_Risk_Apps!$A$4)+1)/((OR(All_Risk_Apps!$D$4:$D$1233={"High","Very High"}))*(All_Risk_Apps!$K$4:$K$1233="No")*(All_Risk_Apps!$A$4:$A$1233<>"")),62)),"") | H65: =IF(B65="","",IFERROR(INDEX(Server_Inventory!$R:$R,MATCH(B65,Server_Inventory!$Z:$Z,0)),"Not Found")) | I65: =IF(B65="","",IFERROR(INDEX(Server_Inventory!$S:$S,MATCH(B65,Server_Inventory!$Z:$Z,0)),"Not Found")) | J65: =IF(B65="","",COUNTIFS(Server_Inventory!$Z:$Z,B65,Server_Inventory!$P:$P,"R-RETIRED_IN_CMDB")) | K65: =IF(B65="","",IFERROR(INDEX(Container_Inventory!$F:$F,MATCH(B65,Container_Inventory!$L:$L,0)),"Not Found")) | L65: =IF(B65="","",IF(COUNTIF(Finding_List!$A:$A,B65)>0,"Yes","No")) | M65: =IF(B65="","",COUNTIF(Server_Inventory!$Z:$Z,B65)) | N65: =IF(B65="","",COUNTIF(Container_Inventory!$L:$L,B65))
A66: =IFERROR(INDEX(All_Risk_Apps!$A$4:$A$1233,_xludf.aggregate(15,6,(ROW(All_Risk_Apps!$A$4:$A$1233)-ROW(All_Risk_Apps!$A$4)+1)/((OR(All_Risk_Apps!$D$4:$D$1233={"High","Very High"}))*(All_Risk_Apps!$K$4:$K$1233="No")*(All_Risk_Apps!$A$4:$A$1233<>"")),63)),"") | B66: =IFERROR(INDEX(All_Risk_Apps!$B$4:$B$1233,_xludf.aggregate(15,6,(ROW(All_Risk_Apps!$A$4:$A$1233)-ROW(All_Risk_Apps!$A$4)+1)/((OR(All_Risk_Apps!$D$4:$D$1233={"High","Very High"}))*(All_Risk_Apps!$K$4:$K$1233="No")*(All_Risk_Apps!$A$4:$A$1233<>"")),63)),"") | C66: =IFERROR(INDEX(All_Risk_Apps!$D$4:$D$1233,_xludf.aggregate(15,6,(ROW(All_Risk_Apps!$A$4:$A$1233)-ROW(All_Risk_Apps!$A$4)+1)/((OR(All_Risk_Apps!$D$4:$D$1233={"High","Very High"}))*(All_Risk_Apps!$K$4:$K$1233="No")*(All_Risk_Apps!$A$4:$A$1233<>"")),63)),"") | D66: =IFERROR(INDEX(All_Risk_Apps!$C$4:$C$1233,_xludf.aggregate(15,6,(ROW(All_Risk_Apps!$A$4:$A$1233)-ROW(All_Risk_Apps!$A$4)+1)/((OR(All_Risk_Apps!$D$4:$D$1233={"High","Very High"}))*(All_Risk_Apps!$K$4:$K$1233="No")*(All_Risk_Apps!$A$4:$A$1233<>"")),63)),"") | E66: =IFERROR(INDEX(All_Risk_Apps!$E$4:$E$1233,_xludf.aggregate(15,6,(ROW(All_Risk_Apps!$A$4:$A$1233)-ROW(All_Risk_Apps!$A$4)+1)/((OR(All_Risk_Apps!$D$4:$D$1233={"High","Very High"}))*(All_Risk_Apps!$K$4:$K$1233="No")*(All_Risk_Apps!$A$4:$A$1233<>"")),63)),"") | F66: =IFERROR(INDEX(All_Risk_Apps!$F$4:$F$1233,_xludf.aggregate(15,6,(ROW(All_Risk_Apps!$A$4:$A$1233)-ROW(All_Risk_Apps!$A$4)+1)/((OR(All_Risk_Apps!$D$4:$D$1233={"High","Very High"}))*(All_Risk_Apps!$K$4:$K$1233="No")*(All_Risk_Apps!$A$4:$A$1233<>"")),63)),"") | G66: =IFERROR(INDEX(All_Risk_Apps!$I$4:$I$1233,_xludf.aggregate(15,6,(ROW(All_Risk_Apps!$A$4:$A$1233)-ROW(All_Risk_Apps!$A$4)+1)/((OR(All_Risk_Apps!$D$4:$D$1233={"High","Very High"}))*(All_Risk_Apps!$K$4:$K$1233="No")*(All_Risk_Apps!$A$4:$A$1233<>"")),63)),"") | H66: =IF(B66="","",IFERROR(INDEX(Server_Inventory!$R:$R,MATCH(B66,Server_Inventory!$Z:$Z,0)),"Not Found")) | I66: =IF(B66="","",IFERROR(INDEX(Server_Inventory!$S:$S,MATCH(B66,Server_Inventory!$Z:$Z,0)),"Not Found")) | J66: =IF(B66="","",COUNTIFS(Server_Inventory!$Z:$Z,B66,Server_Inventory!$P:$P,"R-RETIRED_IN_CMDB")) | K66: =IF(B66="","",IFERROR(INDEX(Container_Inventory!$F:$F,MATCH(B66,Container_Inventory!$L:$L,0)),"Not Found")) | L66: =IF(B66="","",IF(COUNTIF(Finding_List!$A:$A,B66)>0,"Yes","No")) | M66: =IF(B66="","",COUNTIF(Server_Inventory!$Z:$Z,B66)) | N66: =IF(B66="","",COUNTIF(Container_Inventory!$L:$L,B66))
A67: =IFERROR(INDEX(All_Risk_Apps!$A$4:$A$1233,_xludf.aggregate(15,6,(ROW(All_Risk_Apps!$A$4:$A$1233)-ROW(All_Risk_Apps!$A$4)+1)/((OR(All_Risk_Apps!$D$4:$D$1233={"High","Very High"}))*(All_Risk_Apps!$K$4:$K$1233="No")*(All_Risk_Apps!$A$4:$A$1233<>"")),64)),"") | B67: =IFERROR(INDEX(All_Risk_Apps!$B$4:$B$1233,_xludf.aggregate(15,6,(ROW(All_Risk_Apps!$A$4:$A$1233)-ROW(All_Risk_Apps!$A$4)+1)/((OR(All_Risk_Apps!$D$4:$D$1233={"High","Very High"}))*(All_Risk_Apps!$K$4:$K$1233="No")*(All_Risk_Apps!$A$4:$A$1233<>"")),64)),"") | C67: =IFERROR(INDEX(All_Risk_Apps!$D$4:$D$1233,_xludf.aggregate(15,6,(ROW(All_Risk_Apps!$A$4:$A$1233)-ROW(All_Risk_Apps!$A$4)+1)/((OR(All_Risk_Apps!$D$4:$D$1233={"High","Very High"}))*(All_Risk_Apps!$K$4:$K$1233="No")*(All_Risk_Apps!$A$4:$A$1233<>"")),64)),"") | D67: =IFERROR(INDEX(All_Risk_Apps!$C$4:$C$1233,_xludf.aggregate(15,6,(ROW(All_Risk_Apps!$A$4:$A$1233)-ROW(All_Risk_Apps!$A$4)+1)/((OR(All_Risk_Apps!$D$4:$D$1233={"High","Very High"}))*(All_Risk_Apps!$K$4:$K$1233="No")*(All_Risk_Apps!$A$4:$A$1233<>"")),64)),"") | E67: =IFERROR(INDEX(All_Risk_Apps!$E$4:$E$1233,_xludf.aggregate(15,6,(ROW(All_Risk_Apps!$A$4:$A$1233)-ROW(All_Risk_Apps!$A$4)+1)/((OR(All_Risk_Apps!$D$4:$D$1233={"High","Very High"}))*(All_Risk_Apps!$K$4:$K$1233="No")*(All_Risk_Apps!$A$4:$A$1233<>"")),64)),"") | F67: =IFERROR(INDEX(All_Risk_Apps!$F$4:$F$1233,_xludf.aggregate(15,6,(ROW(All_Risk_Apps!$A$4:$A$1233)-ROW(All_Risk_Apps!$A$4)+1)/((OR(All_Risk_Apps!$D$4:$D$1233={"High","Very High"}))*(All_Risk_Apps!$K$4:$K$1233="No")*(All_Risk_Apps!$A$4:$A$1233<>"")),64)),"") | G67: =IFERROR(INDEX(All_Risk_Apps!$I$4:$I$1233,_xludf.aggregate(15,6,(ROW(All_Risk_Apps!$A$4:$A$1233)-ROW(All_Risk_Apps!$A$4)+1)/((OR(All_Risk_Apps!$D$4:$D$1233={"High","Very High"}))*(All_Risk_Apps!$K$4:$K$1233="No")*(All_Risk_Apps!$A$4:$A$1233<>"")),64)),"") | H67: =IF(B67="","",IFERROR(INDEX(Server_Inventory!$R:$R,MATCH(B67,Server_Inventory!$Z:$Z,0)),"Not Found")) | I67: =IF(B67="","",IFERROR(INDEX(Server_Inventory!$S:$S,MATCH(B67,Server_Inventory!$Z:$Z,0)),"Not Found")) | J67: =IF(B67="","",COUNTIFS(Server_Inventory!$Z:$Z,B67,Server_Inventory!$P:$P,"R-RETIRED_IN_CMDB")) | K67: =IF(B67="","",IFERROR(INDEX(Container_Inventory!$F:$F,MATCH(B67,Container_Inventory!$L:$L,0)),"Not Found")) | L67: =IF(B67="","",IF(COUNTIF(Finding_List!$A:$A,B67)>0,"Yes","No")) | M67: =IF(B67="","",COUNTIF(Server_Inventory!$Z:$Z,B67)) | N67: =IF(B67="","",COUNTIF(Container_Inventory!$L:$L,B67))
A68: =IFERROR(INDEX(All_Risk_Apps!$A$4:$A$1233,_xludf.aggregate(15,6,(ROW(All_Risk_Apps!$A$4:$A$1233)-ROW(All_Risk_Apps!$A$4)+1)/((OR(All_Risk_Apps!$D$4:$D$1233={"High","Very High"}))*(All_Risk_Apps!$K$4:$K$1233="No")*(All_Risk_Apps!$A$4:$A$1233<>"")),65)),"") | B68: =IFERROR(INDEX(All_Risk_Apps!$B$4:$B$1233,_xludf.aggregate(15,6,(ROW(All_Risk_Apps!$A$4:$A$1233)-ROW(All_Risk_Apps!$A$4)+1)/((OR(All_Risk_Apps!$D$4:$D$1233={"High","Very High"}))*(All_Risk_Apps!$K$4:$K$1233="No")*(All_Risk_Apps!$A$4:$A$1233<>"")),65)),"") | C68: =IFERROR(INDEX(All_Risk_Apps!$D$4:$D$1233,_xludf.aggregate(15,6,(ROW(All_Risk_Apps!$A$4:$A$1233)-ROW(All_Risk_Apps!$A$4)+1)/((OR(All_Risk_Apps!$D$4:$D$1233={"High","Very High"}))*(All_Risk_Apps!$K$4:$K$1233="No")*(All_Risk_Apps!$A$4:$A$1233<>"")),65)),"") | D68: =IFERROR(INDEX(All_Risk_Apps!$C$4:$C$1233,_xludf.aggregate(15,6,(ROW(All_Risk_Apps!$A$4:$A$1233)-ROW(All_Risk_Apps!$A$4)+1)/((OR(All_Risk_Apps!$D$4:$D$1233={"High","Very High"}))*(All_Risk_Apps!$K$4:$K$1233="No")*(All_Risk_Apps!$A$4:$A$1233<>"")),65)),"") | E68: =IFERROR(INDEX(All_Risk_Apps!$E$4:$E$1233,_xludf.aggregate(15,6,(ROW(All_Risk_Apps!$A$4:$A$1233)-ROW(All_Risk_Apps!$A$4)+1)/((OR(All_Risk_Apps!$D$4:$D$1233={"High","Very High"}))*(All_Risk_Apps!$K$4:$K$1233="No")*(All_Risk_Apps!$A$4:$A$1233<>"")),65)),"") | F68: =IFERROR(INDEX(All_Risk_Apps!$F$4:$F$1233,_xludf.aggregate(15,6,(ROW(All_Risk_Apps!$A$4:$A$1233)-ROW(All_Risk_Apps!$A$4)+1)/((OR(All_Risk_Apps!$D$4:$D$1233={"High","Very High"}))*(All_Risk_Apps!$K$4:$K$1233="No")*(All_Risk_Apps!$A$4:$A$1233<>"")),65)),"") | G68: =IFERROR(INDEX(All_Risk_Apps!$I$4:$I$1233,_xludf.aggregate(15,6,(ROW(All_Risk_Apps!$A$4:$A$1233)-ROW(All_Risk_Apps!$A$4)+1)/((OR(All_Risk_Apps!$D$4:$D$1233={"High","Very High"}))*(All_Risk_Apps!$K$4:$K$1233="No")*(All_Risk_Apps!$A$4:$A$1233<>"")),65)),"") | H68: =IF(B68="","",IFERROR(INDEX(Server_Inventory!$R:$R,MATCH(B68,Server_Inventory!$Z:$Z,0)),"Not Found")) | I68: =IF(B68="","",IFERROR(INDEX(Server_Inventory!$S:$S,MATCH(B68,Server_Inventory!$Z:$Z,0)),"Not Found")) | J68: =IF(B68="","",COUNTIFS(Server_Inventory!$Z:$Z,B68,Server_Inventory!$P:$P,"R-RETIRED_IN_CMDB")) | K68: =IF(B68="","",IFERROR(INDEX(Container_Inventory!$F:$F,MATCH(B68,Container_Inventory!$L:$L,0)),"Not Found")) | L68: =IF(B68="","",IF(COUNTIF(Finding_List!$A:$A,B68)>0,"Yes","No")) | M68: =IF(B68="","",COUNTIF(Server_Inventory!$Z:$Z,B68)) | N68: =IF(B68="","",COUNTIF(Container_Inventory!$L:$L,B68))
A69: =IFERROR(INDEX(All_Risk_Apps!$A$4:$A$1233,_xludf.aggregate(15,6,(ROW(All_Risk_Apps!$A$4:$A$1233)-ROW(All_Risk_Apps!$A$4)+1)/((OR(All_Risk_Apps!$D$4:$D$1233={"High","Very High"}))*(All_Risk_Apps!$K$4:$K$1233="No")*(All_Risk_Apps!$A$4:$A$1233<>"")),66)),"") | B69: =IFERROR(INDEX(All_Risk_Apps!$B$4:$B$1233,_xludf.aggregate(15,6,(ROW(All_Risk_Apps!$A$4:$A$1233)-ROW(All_Risk_Apps!$A$4)+1)/((OR(All_Risk_Apps!$D$4:$D$1233={"High","Very High"}))*(All_Risk_Apps!$K$4:$K$1233="No")*(All_Risk_Apps!$A$4:$A$1233<>"")),66)),"") | C69: =IFERROR(INDEX(All_Risk_Apps!$D$4:$D$1233,_xludf.aggregate(15,6,(ROW(All_Risk_Apps!$A$4:$A$1233)-ROW(All_Risk_Apps!$A$4)+1)/((OR(All_Risk_Apps!$D$4:$D$1233={"High","Very High"}))*(All_Risk_Apps!$K$4:$K$1233="No")*(All_Risk_Apps!$A$4:$A$1233<>"")),66)),"") | D69: =IFERROR(INDEX(All_Risk_Apps!$C$4:$C$1233,_xludf.aggregate(15,6,(ROW(All_Risk_Apps!$A$4:$A$1233)-ROW(All_Risk_Apps!$A$4)+1)/((OR(All_Risk_Apps!$D$4:$D$1233={"High","Very High"}))*(All_Risk_Apps!$K$4:$K$1233="No")*(All_Risk_Apps!$A$4:$A$1233<>"")),66)),"") | E69: =IFERROR(INDEX(All_Risk_Apps!$E$4:$E$1233,_xludf.aggregate(15,6,(ROW(All_Risk_Apps!$A$4:$A$1233)-ROW(All_Risk_Apps!$A$4)+1)/((OR(All_Risk_Apps!$D$4:$D$1233={"High","Very High"}))*(All_Risk_Apps!$K$4:$K$1233="No")*(All_Risk_Apps!$A$4:$A$1233<>"")),66)),"") | F69: =IFERROR(INDEX(All_Risk_Apps!$F$4:$F$1233,_xludf.aggregate(15,6,(ROW(All_Risk_Apps!$A$4:$A$1233)-ROW(All_Risk_Apps!$A$4)+1)/((OR(All_Risk_Apps!$D$4:$D$1233={"High","Very High"}))*(All_Risk_Apps!$K$4:$K$1233="No")*(All_Risk_Apps!$A$4:$A$1233<>"")),66)),"") | G69: =IFERROR(INDEX(All_Risk_Apps!$I$4:$I$1233,_xludf.aggregate(15,6,(ROW(All_Risk_Apps!$A$4:$A$1233)-ROW(All_Risk_Apps!$A$4)+1)/((OR(All_Risk_Apps!$D$4:$D$1233={"High","Very High"}))*(All_Risk_Apps!$K$4:$K$1233="No")*(All_Risk_Apps!$A$4:$A$1233<>"")),66)),"") | H69: =IF(B69="","",IFERROR(INDEX(Server_Inventory!$R:$R,MATCH(B69,Server_Inventory!$Z:$Z,0)),"Not Found")) | I69: =IF(B69="","",IFERROR(INDEX(Server_Inventory!$S:$S,MATCH(B69,Server_Inventory!$Z:$Z,0)),"Not Found")) | J69: =IF(B69="","",COUNTIFS(Server_Inventory!$Z:$Z,B69,Server_Inventory!$P:$P,"R-RETIRED_IN_CMDB")) | K69: =IF(B69="","",IFERROR(INDEX(Container_Inventory!$F:$F,MATCH(B69,Container_Inventory!$L:$L,0)),"Not Found")) | L69: =IF(B69="","",IF(COUNTIF(Finding_List!$A:$A,B69)>0,"Yes","No")) | M69: =IF(B69="","",COUNTIF(Server_Inventory!$Z:$Z,B69)) | N69: =IF(B69="","",COUNTIF(Container_Inventory!$L:$L,B69))
A70: =IFERROR(INDEX(All_Risk_Apps!$A$4:$A$1233,_xludf.aggregate(15,6,(ROW(All_Risk_Apps!$A$4:$A$1233)-ROW(All_Risk_Apps!$A$4)+1)/((OR(All_Risk_Apps!$D$4:$D$1233={"High","Very High"}))*(All_Risk_Apps!$K$4:$K$1233="No")*(All_Risk_Apps!$A$4:$A$1233<>"")),67)),"") | B70: =IFERROR(INDEX(All_Risk_Apps!$B$4:$B$1233,_xludf.aggregate(15,6,(ROW(All_Risk_Apps!$A$4:$A$1233)-ROW(All_Risk_Apps!$A$4)+1)/((OR(All_Risk_Apps!$D$4:$D$1233={"High","Very High"}))*(All_Risk_Apps!$K$4:$K$1233="No")*(All_Risk_Apps!$A$4:$A$1233<>"")),67)),"") | C70: =IFERROR(INDEX(All_Risk_Apps!$D$4:$D$1233,_xludf.aggregate(15,6,(ROW(All_Risk_Apps!$A$4:$A$1233)-ROW(All_Risk_Apps!$A$4)+1)/((OR(All_Risk_Apps!$D$4:$D$1233={"High","Very High"}))*(All_Risk_Apps!$K$4:$K$1233="No")*(All_Risk_Apps!$A$4:$A$1233<>"")),67)),"") | D70: =IFERROR(INDEX(All_Risk_Apps!$C$4:$C$1233,_xludf.aggregate(15,6,(ROW(All_Risk_Apps!$A$4:$A$1233)-ROW(All_Risk_Apps!$A$4)+1)/((OR(All_Risk_Apps!$D$4:$D$1233={"High","Very High"}))*(All_Risk_Apps!$K$4:$K$1233="No")*(All_Risk_Apps!$A$4:$A$1233<>"")),67)),"") | E70: =IFERROR(INDEX(All_Risk_Apps!$E$4:$E$1233,_xludf.aggregate(15,6,(ROW(All_Risk_Apps!$A$4:$A$1233)-ROW(All_Risk_Apps!$A$4)+1)/((OR(All_Risk_Apps!$D$4:$D$1233={"High","Very High"}))*(All_Risk_Apps!$K$4:$K$1233="No")*(All_Risk_Apps!$A$4:$A$1233<>"")),67)),"") | F70: =IFERROR(INDEX(All_Risk_Apps!$F$4:$F$1233,_xludf.aggregate(15,6,(ROW(All_Risk_Apps!$A$4:$A$1233)-ROW(All_Risk_Apps!$A$4)+1)/((OR(All_Risk_Apps!$D$4:$D$1233={"High","Very High"}))*(All_Risk_Apps!$K$4:$K$1233="No")*(All_Risk_Apps!$A$4:$A$1233<>"")),67)),"") | G70: =IFERROR(INDEX(All_Risk_Apps!$I$4:$I$1233,_xludf.aggregate(15,6,(ROW(All_Risk_Apps!$A$4:$A$1233)-ROW(All_Risk_Apps!$A$4)+1)/((OR(All_Risk_Apps!$D$4:$D$1233={"High","Very High"}))*(All_Risk_Apps!$K$4:$K$1233="No")*(All_Risk_Apps!$A$4:$A$1233<>"")),67)),"") | H70: =IF(B70="","",IFERROR(INDEX(Server_Inventory!$R:$R,MATCH(B70,Server_Inventory!$Z:$Z,0)),"Not Found")) | I70: =IF(B70="","",IFERROR(INDEX(Server_Inventory!$S:$S,MATCH(B70,Server_Inventory!$Z:$Z,0)),"Not Found")) | J70: =IF(B70="","",COUNTIFS(Server_Inventory!$Z:$Z,B70,Server_Inventory!$P:$P,"R-RETIRED_IN_CMDB")) | K70: =IF(B70="","",IFERROR(INDEX(Container_Inventory!$F:$F,MATCH(B70,Container_Inventory!$L:$L,0)),"Not Found")) | L70: =IF(B70="","",IF(COUNTIF(Finding_List!$A:$A,B70)>0,"Yes","No")) | M70: =IF(B70="","",COUNTIF(Server_Inventory!$Z:$Z,B70)) | N70: =IF(B70="","",COUNTIF(Container_Inventory!$L:$L,B70))
A71: =IFERROR(INDEX(All_Risk_Apps!$A$4:$A$1233,_xludf.aggregate(15,6,(ROW(All_Risk_Apps!$A$4:$A$1233)-ROW(All_Risk_Apps!$A$4)+1)/((OR(All_Risk_Apps!$D$4:$D$1233={"High","Very High"}))*(All_Risk_Apps!$K$4:$K$1233="No")*(All_Risk_Apps!$A$4:$A$1233<>"")),68)),"") | B71: =IFERROR(INDEX(All_Risk_Apps!$B$4:$B$1233,_xludf.aggregate(15,6,(ROW(All_Risk_Apps!$A$4:$A$1233)-ROW(All_Risk_Apps!$A$4)+1)/((OR(All_Risk_Apps!$D$4:$D$1233={"High","Very High"}))*(All_Risk_Apps!$K$4:$K$1233="No")*(All_Risk_Apps!$A$4:$A$1233<>"")),68)),"") | C71: =IFERROR(INDEX(All_Risk_Apps!$D$4:$D$1233,_xludf.aggregate(15,6,(ROW(All_Risk_Apps!$A$4:$A$1233)-ROW(All_Risk_Apps!$A$4)+1)/((OR(All_Risk_Apps!$D$4:$D$1233={"High","Very High"}))*(All_Risk_Apps!$K$4:$K$1233="No")*(All_Risk_Apps!$A$4:$A$1233<>"")),68)),"") | D71: =IFERROR(INDEX(All_Risk_Apps!$C$4:$C$1233,_xludf.aggregate(15,6,(ROW(All_Risk_Apps!$A$4:$A$1233)-ROW(All_Risk_Apps!$A$4)+1)/((OR(All_Risk_Apps!$D$4:$D$1233={"High","Very High"}))*(All_Risk_Apps!$K$4:$K$1233="No")*(All_Risk_Apps!$A$4:$A$1233<>"")),68)),"") | E71: =IFERROR(INDEX(All_Risk_Apps!$E$4:$E$1233,_xludf.aggregate(15,6,(ROW(All_Risk_Apps!$A$4:$A$1233)-ROW(All_Risk_Apps!$A$4)+1)/((OR(All_Risk_Apps!$D$4:$D$1233={"High","Very High"}))*(All_Risk_Apps!$K$4:$K$1233="No")*(All_Risk_Apps!$A$4:$A$1233<>"")),68)),"") | F71: =IFERROR(INDEX(All_Risk_Apps!$F$4:$F$1233,_xludf.aggregate(15,6,(ROW(All_Risk_Apps!$A$4:$A$1233)-ROW(All_Risk_Apps!$A$4)+1)/((OR(All_Risk_Apps!$D$4:$D$1233={"High","Very High"}))*(All_Risk_Apps!$K$4:$K$1233="No")*(All_Risk_Apps!$A$4:$A$1233<>"")),68)),"") | G71: =IFERROR(INDEX(All_Risk_Apps!$I$4:$I$1233,_xludf.aggregate(15,6,(ROW(All_Risk_Apps!$A$4:$A$1233)-ROW(All_Risk_Apps!$A$4)+1)/((OR(All_Risk_Apps!$D$4:$D$1233={"High","Very High"}))*(All_Risk_Apps!$K$4:$K$1233="No")*(All_Risk_Apps!$A$4:$A$1233<>"")),68)),"") | H71: =IF(B71="","",IFERROR(INDEX(Server_Inventory!$R:$R,MATCH(B71,Server_Inventory!$Z:$Z,0)),"Not Found")) | I71: =IF(B71="","",IFERROR(INDEX(Server_Inventory!$S:$S,MATCH(B71,Server_Inventory!$Z:$Z,0)),"Not Found")) | J71: =IF(B71="","",COUNTIFS(Server_Inventory!$Z:$Z,B71,Server_Inventory!$P:$P,"R-RETIRED_IN_CMDB")) | K71: =IF(B71="","",IFERROR(INDEX(Container_Inventory!$F:$F,MATCH(B71,Container_Inventory!$L:$L,0)),"Not Found")) | L71: =IF(B71="","",IF(COUNTIF(Finding_List!$A:$A,B71)>0,"Yes","No")) | M71: =IF(B71="","",COUNTIF(Server_Inventory!$Z:$Z,B71)) | N71: =IF(B71="","",COUNTIF(Container_Inventory!$L:$L,B71))
A72: =IFERROR(INDEX(All_Risk_Apps!$A$4:$A$1233,_xludf.aggregate(15,6,(ROW(All_Risk_Apps!$A$4:$A$1233)-ROW(All_Risk_Apps!$A$4)+1)/((OR(All_Risk_Apps!$D$4:$D$1233={"High","Very High"}))*(All_Risk_Apps!$K$4:$K$1233="No")*(All_Risk_Apps!$A$4:$A$1233<>"")),69)),"") | B72: =IFERROR(INDEX(All_Risk_Apps!$B$4:$B$1233,_xludf.aggregate(15,6,(ROW(All_Risk_Apps!$A$4:$A$1233)-ROW(All_Risk_Apps!$A$4)+1)/((OR(All_Risk_Apps!$D$4:$D$1233={"High","Very High"}))*(All_Risk_Apps!$K$4:$K$1233="No")*(All_Risk_Apps!$A$4:$A$1233<>"")),69)),"") | C72: =IFERROR(INDEX(All_Risk_Apps!$D$4:$D$1233,_xludf.aggregate(15,6,(ROW(All_Risk_Apps!$A$4:$A$1233)-ROW(All_Risk_Apps!$A$4)+1)/((OR(All_Risk_Apps!$D$4:$D$1233={"High","Very High"}))*(All_Risk_Apps!$K$4:$K$1233="No")*(All_Risk_Apps!$A$4:$A$1233<>"")),69)),"") | D72: =IFERROR(INDEX(All_Risk_Apps!$C$4:$C$1233,_xludf.aggregate(15,6,(ROW(All_Risk_Apps!$A$4:$A$1233)-ROW(All_Risk_Apps!$A$4)+1)/((OR(All_Risk_Apps!$D$4:$D$1233={"High","Very High"}))*(All_Risk_Apps!$K$4:$K$1233="No")*(All_Risk_Apps!$A$4:$A$1233<>"")),69)),"") | E72: =IFERROR(INDEX(All_Risk_Apps!$E$4:$E$1233,_xludf.aggregate(15,6,(ROW(All_Risk_Apps!$A$4:$A$1233)-ROW(All_Risk_Apps!$A$4)+1)/((OR(All_Risk_Apps!$D$4:$D$1233={"High","Very High"}))*(All_Risk_Apps!$K$4:$K$1233="No")*(All_Risk_Apps!$A$4:$A$1233<>"")),69)),"") | F72: =IFERROR(INDEX(All_Risk_Apps!$F$4:$F$1233,_xludf.aggregate(15,6,(ROW(All_Risk_Apps!$A$4:$A$1233)-ROW(All_Risk_Apps!$A$4)+1)/((OR(All_Risk_Apps!$D$4:$D$1233={"High","Very High"}))*(All_Risk_Apps!$K$4:$K$1233="No")*(All_Risk_Apps!$A$4:$A$1233<>"")),69)),"") | G72: =IFERROR(INDEX(All_Risk_Apps!$I$4:$I$1233,_xludf.aggregate(15,6,(ROW(All_Risk_Apps!$A$4:$A$1233)-ROW(All_Risk_Apps!$A$4)+1)/((OR(All_Risk_Apps!$D$4:$D$1233={"High","Very High"}))*(All_Risk_Apps!$K$4:$K$1233="No")*(All_Risk_Apps!$A$4:$A$1233<>"")),69)),"") | H72: =IF(B72="","",IFERROR(INDEX(Server_Inventory!$R:$R,MATCH(B72,Server_Inventory!$Z:$Z,0)),"Not Found")) | I72: =IF(B72="","",IFERROR(INDEX(Server_Inventory!$S:$S,MATCH(B72,Server_Inventory!$Z:$Z,0)),"Not Found")) | J72: =IF(B72="","",COUNTIFS(Server_Inventory!$Z:$Z,B72,Server_Inventory!$P:$P,"R-RETIRED_IN_CMDB")) | K72: =IF(B72="","",IFERROR(INDEX(Container_Inventory!$F:$F,MATCH(B72,Container_Inventory!$L:$L,0)),"Not Found")) | L72: =IF(B72="","",IF(COUNTIF(Finding_List!$A:$A,B72)>0,"Yes","No")) | M72: =IF(B72="","",COUNTIF(Server_Inventory!$Z:$Z,B72)) | N72: =IF(B72="","",COUNTIF(Container_Inventory!$L:$L,B72))
A73: =IFERROR(INDEX(All_Risk_Apps!$A$4:$A$1233,_xludf.aggregate(15,6,(ROW(All_Risk_Apps!$A$4:$A$1233)-ROW(All_Risk_Apps!$A$4)+1)/((OR(All_Risk_Apps!$D$4:$D$1233={"High","Very High"}))*(All_Risk_Apps!$K$4:$K$1233="No")*(All_Risk_Apps!$A$4:$A$1233<>"")),70)),"") | B73: =IFERROR(INDEX(All_Risk_Apps!$B$4:$B$1233,_xludf.aggregate(15,6,(ROW(All_Risk_Apps!$A$4:$A$1233)-ROW(All_Risk_Apps!$A$4)+1)/((OR(All_Risk_Apps!$D$4:$D$1233={"High","Very High"}))*(All_Risk_Apps!$K$4:$K$1233="No")*(All_Risk_Apps!$A$4:$A$1233<>"")),70)),"") | C73: =IFERROR(INDEX(All_Risk_Apps!$D$4:$D$1233,_xludf.aggregate(15,6,(ROW(All_Risk_Apps!$A$4:$A$1233)-ROW(All_Risk_Apps!$A$4)+1)/((OR(All_Risk_Apps!$D$4:$D$1233={"High","Very High"}))*(All_Risk_Apps!$K$4:$K$1233="No")*(All_Risk_Apps!$A$4:$A$1233<>"")),70)),"") | D73: =IFERROR(INDEX(All_Risk_Apps!$C$4:$C$1233,_xludf.aggregate(15,6,(ROW(All_Risk_Apps!$A$4:$A$1233)-ROW(All_Risk_Apps!$A$4)+1)/((OR(All_Risk_Apps!$D$4:$D$1233={"High","Very High"}))*(All_Risk_Apps!$K$4:$K$1233="No")*(All_Risk_Apps!$A$4:$A$1233<>"")),70)),"") | E73: =IFERROR(INDEX(All_Risk_Apps!$E$4:$E$1233,_xludf.aggregate(15,6,(ROW(All_Risk_Apps!$A$4:$A$1233)-ROW(All_Risk_Apps!$A$4)+1)/((OR(All_Risk_Apps!$D$4:$D$1233={"High","Very High"}))*(All_Risk_Apps!$K$4:$K$1233="No")*(All_Risk_Apps!$A$4:$A$1233<>"")),70)),"") | F73: =IFERROR(INDEX(All_Risk_Apps!$F$4:$F$1233,_xludf.aggregate(15,6,(ROW(All_Risk_Apps!$A$4:$A$1233)-ROW(All_Risk_Apps!$A$4)+1)/((OR(All_Risk_Apps!$D$4:$D$1233={"High","Very High"}))*(All_Risk_Apps!$K$4:$K$1233="No")*(All_Risk_Apps!$A$4:$A$1233<>"")),70)),"") | G73: =IFERROR(INDEX(All_Risk_Apps!$I$4:$I$1233,_xludf.aggregate(15,6,(ROW(All_Risk_Apps!$A$4:$A$1233)-ROW(All_Risk_Apps!$A$4)+1)/((OR(All_Risk_Apps!$D$4:$D$1233={"High","Very High"}))*(All_Risk_Apps!$K$4:$K$1233="No")*(All_Risk_Apps!$A$4:$A$1233<>"")),70)),"") | H73: =IF(B73="","",IFERROR(INDEX(Server_Inventory!$R:$R,MATCH(B73,Server_Inventory!$Z:$Z,0)),"Not Found")) | I73: =IF(B73="","",IFERROR(INDEX(Server_Inventory!$S:$S,MATCH(B73,Server_Inventory!$Z:$Z,0)),"Not Found")) | J73: =IF(B73="","",COUNTIFS(Server_Inventory!$Z:$Z,B73,Server_Inventory!$P:$P,"R-RETIRED_IN_CMDB")) | K73: =IF(B73="","",IFERROR(INDEX(Container_Inventory!$F:$F,MATCH(B73,Container_Inventory!$L:$L,0)),"Not Found")) | L73: =IF(B73="","",IF(COUNTIF(Finding_List!$A:$A,B73)>0,"Yes","No")) | M73: =IF(B73="","",COUNTIF(Server_Inventory!$Z:$Z,B73)) | N73: =IF(B73="","",COUNTIF(Container_Inventory!$L:$L,B73))
A74: =IFERROR(INDEX(All_Risk_Apps!$A$4:$A$1233,_xludf.aggregate(15,6,(ROW(All_Risk_Apps!$A$4:$A$1233)-ROW(All_Risk_Apps!$A$4)+1)/((OR(All_Risk_Apps!$D$4:$D$1233={"High","Very High"}))*(All_Risk_Apps!$K$4:$K$1233="No")*(All_Risk_Apps!$A$4:$A$1233<>"")),71)),"") | B74: =IFERROR(INDEX(All_Risk_Apps!$B$4:$B$1233,_xludf.aggregate(15,6,(ROW(All_Risk_Apps!$A$4:$A$1233)-ROW(All_Risk_Apps!$A$4)+1)/((OR(All_Risk_Apps!$D$4:$D$1233={"High","Very High"}))*(All_Risk_Apps!$K$4:$K$1233="No")*(All_Risk_Apps!$A$4:$A$1233<>"")),71)),"") | C74: =IFERROR(INDEX(All_Risk_Apps!$D$4:$D$1233,_xludf.aggregate(15,6,(ROW(All_Risk_Apps!$A$4:$A$1233)-ROW(All_Risk_Apps!$A$4)+1)/((OR(All_Risk_Apps!$D$4:$D$1233={"High","Very High"}))*(All_Risk_Apps!$K$4:$K$1233="No")*(All_Risk_Apps!$A$4:$A$1233<>"")),71)),"") | D74: =IFERROR(INDEX(All_Risk_Apps!$C$4:$C$1233,_xludf.aggregate(15,6,(ROW(All_Risk_Apps!$A$4:$A$1233)-ROW(All_Risk_Apps!$A$4)+1)/((OR(All_Risk_Apps!$D$4:$D$1233={"High","Very High"}))*(All_Risk_Apps!$K$4:$K$1233="No")*(All_Risk_Apps!$A$4:$A$1233<>"")),71)),"") | E74: =IFERROR(INDEX(All_Risk_Apps!$E$4:$E$1233,_xludf.aggregate(15,6,(ROW(All_Risk_Apps!$A$4:$A$1233)-ROW(All_Risk_Apps!$A$4)+1)/((OR(All_Risk_Apps!$D$4:$D$1233={"High","Very High"}))*(All_Risk_Apps!$K$4:$K$1233="No")*(All_Risk_Apps!$A$4:$A$1233<>"")),71)),"") | F74: =IFERROR(INDEX(All_Risk_Apps!$F$4:$F$1233,_xludf.aggregate(15,6,(ROW(All_Risk_Apps!$A$4:$A$1233)-ROW(All_Risk_Apps!$A$4)+1)/((OR(All_Risk_Apps!$D$4:$D$1233={"High","Very High"}))*(All_Risk_Apps!$K$4:$K$1233="No")*(All_Risk_Apps!$A$4:$A$1233<>"")),71)),"") | G74: =IFERROR(INDEX(All_Risk_Apps!$I$4:$I$1233,_xludf.aggregate(15,6,(ROW(All_Risk_Apps!$A$4:$A$1233)-ROW(All_Risk_Apps!$A$4)+1)/((OR(All_Risk_Apps!$D$4:$D$1233={"High","Very High"}))*(All_Risk_Apps!$K$4:$K$1233="No")*(All_Risk_Apps!$A$4:$A$1233<>"")),71)),"") | H74: =IF(B74="","",IFERROR(INDEX(Server_Inventory!$R:$R,MATCH(B74,Server_Inventory!$Z:$Z,0)),"Not Found")) | I74: =IF(B74="","",IFERROR(INDEX(Server_Inventory!$S:$S,MATCH(B74,Server_Inventory!$Z:$Z,0)),"Not Found")) | J74: =IF(B74="","",COUNTIFS(Server_Inventory!$Z:$Z,B74,Server_Inventory!$P:$P,"R-RETIRED_IN_CMDB")) | K74: =IF(B74="","",IFERROR(INDEX(Container_Inventory!$F:$F,MATCH(B74,Container_Inventory!$L:$L,0)),"Not Found")) | L74: =IF(B74="","",IF(COUNTIF(Finding_List!$A:$A,B74)>0,"Yes","No")) | M74: =IF(B74="","",COUNTIF(Server_Inventory!$Z:$Z,B74)) | N74: =IF(B74="","",COUNTIF(Container_Inventory!$L:$L,B74))
A75: =IFERROR(INDEX(All_Risk_Apps!$A$4:$A$1233,_xludf.aggregate(15,6,(ROW(All_Risk_Apps!$A$4:$A$1233)-ROW(All_Risk_Apps!$A$4)+1)/((OR(All_Risk_Apps!$D$4:$D$1233={"High","Very High"}))*(All_Risk_Apps!$K$4:$K$1233="No")*(All_Risk_Apps!$A$4:$A$1233<>"")),72)),"") | B75: =IFERROR(INDEX(All_Risk_Apps!$B$4:$B$1233,_xludf.aggregate(15,6,(ROW(All_Risk_Apps!$A$4:$A$1233)-ROW(All_Risk_Apps!$A$4)+1)/((OR(All_Risk_Apps!$D$4:$D$1233={"High","Very High"}))*(All_Risk_Apps!$K$4:$K$1233="No")*(All_Risk_Apps!$A$4:$A$1233<>"")),72)),"") | C75: =IFERROR(INDEX(All_Risk_Apps!$D$4:$D$1233,_xludf.aggregate(15,6,(ROW(All_Risk_Apps!$A$4:$A$1233)-ROW(All_Risk_Apps!$A$4)+1)/((OR(All_Risk_Apps!$D$4:$D$1233={"High","Very High"}))*(All_Risk_Apps!$K$4:$K$1233="No")*(All_Risk_Apps!$A$4:$A$1233<>"")),72)),"") | D75: =IFERROR(INDEX(All_Risk_Apps!$C$4:$C$1233,_xludf.aggregate(15,6,(ROW(All_Risk_Apps!$A$4:$A$1233)-ROW(All_Risk_Apps!$A$4)+1)/((OR(All_Risk_Apps!$D$4:$D$1233={"High","Very High"}))*(All_Risk_Apps!$K$4:$K$1233="No")*(All_Risk_Apps!$A$4:$A$1233<>"")),72)),"") | E75: =IFERROR(INDEX(All_Risk_Apps!$E$4:$E$1233,_xludf.aggregate(15,6,(ROW(All_Risk_Apps!$A$4:$A$1233)-ROW(All_Risk_Apps!$A$4)+1)/((OR(All_Risk_Apps!$D$4:$D$1233={"High","Very High"}))*(All_Risk_Apps!$K$4:$K$1233="No")*(All_Risk_Apps!$A$4:$A$1233<>"")),72)),"") | F75: =IFERROR(INDEX(All_Risk_Apps!$F$4:$F$1233,_xludf.aggregate(15,6,(ROW(All_Risk_Apps!$A$4:$A$1233)-ROW(All_Risk_Apps!$A$4)+1)/((OR(All_Risk_Apps!$D$4:$D$1233={"High","Very High"}))*(All_Risk_Apps!$K$4:$K$1233="No")*(All_Risk_Apps!$A$4:$A$1233<>"")),72)),"") | G75: =IFERROR(INDEX(All_Risk_Apps!$I$4:$I$1233,_xludf.aggregate(15,6,(ROW(All_Risk_Apps!$A$4:$A$1233)-ROW(All_Risk_Apps!$A$4)+1)/((OR(All_Risk_Apps!$D$4:$D$1233={"High","Very High"}))*(All_Risk_Apps!$K$4:$K$1233="No")*(All_Risk_Apps!$A$4:$A$1233<>"")),72)),"") | H75: =IF(B75="","",IFERROR(INDEX(Server_Inventory!$R:$R,MATCH(B75,Server_Inventory!$Z:$Z,0)),"Not Found")) | I75: =IF(B75="","",IFERROR(INDEX(Server_Inventory!$S:$S,MATCH(B75,Server_Inventory!$Z:$Z,0)),"Not Found")) | J75: =IF(B75="","",COUNTIFS(Server_Inventory!$Z:$Z,B75,Server_Inventory!$P:$P,"R-RETIRED_IN_CMDB")) | K75: =IF(B75="","",IFERROR(INDEX(Container_Inventory!$F:$F,MATCH(B75,Container_Inventory!$L:$L,0)),"Not Found")) | L75: =IF(B75="","",IF(COUNTIF(Finding_List!$A:$A,B75)>0,"Yes","No")) | M75: =IF(B75="","",COUNTIF(Server_Inventory!$Z:$Z,B75)) | N75: =IF(B75="","",COUNTIF(Container_Inventory!$L:$L,B75))
A76: =IFERROR(INDEX(All_Risk_Apps!$A$4:$A$1233,_xludf.aggregate(15,6,(ROW(All_Risk_Apps!$A$4:$A$1233)-ROW(All_Risk_Apps!$A$4)+1)/((OR(All_Risk_Apps!$D$4:$D$1233={"High","Very High"}))*(All_Risk_Apps!$K$4:$K$1233="No")*(All_Risk_Apps!$A$4:$A$1233<>"")),73)),"") | B76: =IFERROR(INDEX(All_Risk_Apps!$B$4:$B$1233,_xludf.aggregate(15,6,(ROW(All_Risk_Apps!$A$4:$A$1233)-ROW(All_Risk_Apps!$A$4)+1)/((OR(All_Risk_Apps!$D$4:$D$1233={"High","Very High"}))*(All_Risk_Apps!$K$4:$K$1233="No")*(All_Risk_Apps!$A$4:$A$1233<>"")),73)),"") | C76: =IFERROR(INDEX(All_Risk_Apps!$D$4:$D$1233,_xludf.aggregate(15,6,(ROW(All_Risk_Apps!$A$4:$A$1233)-ROW(All_Risk_Apps!$A$4)+1)/((OR(All_Risk_Apps!$D$4:$D$1233={"High","Very High"}))*(All_Risk_Apps!$K$4:$K$1233="No")*(All_Risk_Apps!$A$4:$A$1233<>"")),73)),"") | D76: =IFERROR(INDEX(All_Risk_Apps!$C$4:$C$1233,_xludf.aggregate(15,6,(ROW(All_Risk_Apps!$A$4:$A$1233)-ROW(All_Risk_Apps!$A$4)+1)/((OR(All_Risk_Apps!$D$4:$D$1233={"High","Very High"}))*(All_Risk_Apps!$K$4:$K$1233="No")*(All_Risk_Apps!$A$4:$A$1233<>"")),73)),"") | E76: =IFERROR(INDEX(All_Risk_Apps!$E$4:$E$1233,_xludf.aggregate(15,6,(ROW(All_Risk_Apps!$A$4:$A$1233)-ROW(All_Risk_Apps!$A$4)+1)/((OR(All_Risk_Apps!$D$4:$D$1233={"High","Very High"}))*(All_Risk_Apps!$K$4:$K$1233="No")*(All_Risk_Apps!$A$4:$A$1233<>"")),73)),"") | F76: =IFERROR(INDEX(All_Risk_Apps!$F$4:$F$1233,_xludf.aggregate(15,6,(ROW(All_Risk_Apps!$A$4:$A$1233)-ROW(All_Risk_Apps!$A$4)+1)/((OR(All_Risk_Apps!$D$4:$D$1233={"High","Very High"}))*(All_Risk_Apps!$K$4:$K$1233="No")*(All_Risk_Apps!$A$4:$A$1233<>"")),73)),"") | G76: =IFERROR(INDEX(All_Risk_Apps!$I$4:$I$1233,_xludf.aggregate(15,6,(ROW(All_Risk_Apps!$A$4:$A$1233)-ROW(All_Risk_Apps!$A$4)+1)/((OR(All_Risk_Apps!$D$4:$D$1233={"High","Very High"}))*(All_Risk_Apps!$K$4:$K$1233="No")*(All_Risk_Apps!$A$4:$A$1233<>"")),73)),"") | H76: =IF(B76="","",IFERROR(INDEX(Server_Inventory!$R:$R,MATCH(B76,Server_Inventory!$Z:$Z,0)),"Not Found")) | I76: =IF(B76="","",IFERROR(INDEX(Server_Inventory!$S:$S,MATCH(B76,Server_Inventory!$Z:$Z,0)),"Not Found")) | J76: =IF(B76="","",COUNTIFS(Server_Inventory!$Z:$Z,B76,Server_Inventory!$P:$P,"R-RETIRED_IN_CMDB")) | K76: =IF(B76="","",IFERROR(INDEX(Container_Inventory!$F:$F,MATCH(B76,Container_Inventory!$L:$L,0)),"Not Found")) | L76: =IF(B76="","",IF(COUNTIF(Finding_List!$A:$A,B76)>0,"Yes","No")) | M76: =IF(B76="","",COUNTIF(Server_Inventory!$Z:$Z,B76)) | N76: =IF(B76="","",COUNTIF(Container_Inventory!$L:$L,B76))
A77: =IFERROR(INDEX(All_Risk_Apps!$A$4:$A$1233,_xludf.aggregate(15,6,(ROW(All_Risk_Apps!$A$4:$A$1233)-ROW(All_Risk_Apps!$A$4)+1)/((OR(All_Risk_Apps!$D$4:$D$1233={"High","Very High"}))*(All_Risk_Apps!$K$4:$K$1233="No")*(All_Risk_Apps!$A$4:$A$1233<>"")),74)),"") | B77: =IFERROR(INDEX(All_Risk_Apps!$B$4:$B$1233,_xludf.aggregate(15,6,(ROW(All_Risk_Apps!$A$4:$A$1233)-ROW(All_Risk_Apps!$A$4)+1)/((OR(All_Risk_Apps!$D$4:$D$1233={"High","Very High"}))*(All_Risk_Apps!$K$4:$K$1233="No")*(All_Risk_Apps!$A$4:$A$1233<>"")),74)),"") | C77: =IFERROR(INDEX(All_Risk_Apps!$D$4:$D$1233,_xludf.aggregate(15,6,(ROW(All_Risk_Apps!$A$4:$A$1233)-ROW(All_Risk_Apps!$A$4)+1)/((OR(All_Risk_Apps!$D$4:$D$1233={"High","Very High"}))*(All_Risk_Apps!$K$4:$K$1233="No")*(All_Risk_Apps!$A$4:$A$1233<>"")),74)),"") | D77: =IFERROR(INDEX(All_Risk_Apps!$C$4:$C$1233,_xludf.aggregate(15,6,(ROW(All_Risk_Apps!$A$4:$A$1233)-ROW(All_Risk_Apps!$A$4)+1)/((OR(All_Risk_Apps!$D$4:$D$1233={"High","Very High"}))*(All_Risk_Apps!$K$4:$K$1233="No")*(All_Risk_Apps!$A$4:$A$1233<>"")),74)),"") | E77: =IFERROR(INDEX(All_Risk_Apps!$E$4:$E$1233,_xludf.aggregate(15,6,(ROW(All_Risk_Apps!$A$4:$A$1233)-ROW(All_Risk_Apps!$A$4)+1)/((OR(All_Risk_Apps!$D$4:$D$1233={"High","Very High"}))*(All_Risk_Apps!$K$4:$K$1233="No")*(All_Risk_Apps!$A$4:$A$1233<>"")),74)),"") | F77: =IFERROR(INDEX(All_Risk_Apps!$F$4:$F$1233,_xludf.aggregate(15,6,(ROW(All_Risk_Apps!$A$4:$A$1233)-ROW(All_Risk_Apps!$A$4)+1)/((OR(All_Risk_Apps!$D$4:$D$1233={"High","Very High"}))*(All_Risk_Apps!$K$4:$K$1233="No")*(All_Risk_Apps!$A$4:$A$1233<>"")),74)),"") | G77: =IFERROR(INDEX(All_Risk_Apps!$I$4:$I$1233,_xludf.aggregate(15,6,(ROW(All_Risk_Apps!$A$4:$A$1233)-ROW(All_Risk_Apps!$A$4)+1)/((OR(All_Risk_Apps!$D$4:$D$1233={"High","Very High"}))*(All_Risk_Apps!$K$4:$K$1233="No")*(All_Risk_Apps!$A$4:$A$1233<>"")),74)),"") | H77: =IF(B77="","",IFERROR(INDEX(Server_Inventory!$R:$R,MATCH(B77,Server_Inventory!$Z:$Z,0)),"Not Found")) | I77: =IF(B77="","",IFERROR(INDEX(Server_Inventory!$S:$S,MATCH(B77,Server_Inventory!$Z:$Z,0)),"Not Found")) | J77: =IF(B77="","",COUNTIFS(Server_Inventory!$Z:$Z,B77,Server_Inventory!$P:$P,"R-RETIRED_IN_CMDB")) | K77: =IF(B77="","",IFERROR(INDEX(Container_Inventory!$F:$F,MATCH(B77,Container_Inventory!$L:$L,0)),"Not Found")) | L77: =IF(B77="","",IF(COUNTIF(Finding_List!$A:$A,B77)>0,"Yes","No")) | M77: =IF(B77="","",COUNTIF(Server_Inventory!$Z:$Z,B77)) | N77: =IF(B77="","",COUNTIF(Container_Inventory!$L:$L,B77))
A78: =IFERROR(INDEX(All_Risk_Apps!$A$4:$A$1233,_xludf.aggregate(15,6,(ROW(All_Risk_Apps!$A$4:$A$1233)-ROW(All_Risk_Apps!$A$4)+1)/((OR(All_Risk_Apps!$D$4:$D$1233={"High","Very High"}))*(All_Risk_Apps!$K$4:$K$1233="No")*(All_Risk_Apps!$A$4:$A$1233<>"")),75)),"") | B78: =IFERROR(INDEX(All_Risk_Apps!$B$4:$B$1233,_xludf.aggregate(15,6,(ROW(All_Risk_Apps!$A$4:$A$1233)-ROW(All_Risk_Apps!$A$4)+1)/((OR(All_Risk_Apps!$D$4:$D$1233={"High","Very High"}))*(All_Risk_Apps!$K$4:$K$1233="No")*(All_Risk_Apps!$A$4:$A$1233<>"")),75)),"") | C78: =IFERROR(INDEX(All_Risk_Apps!$D$4:$D$1233,_xludf.aggregate(15,6,(ROW(All_Risk_Apps!$A$4:$A$1233)-ROW(All_Risk_Apps!$A$4)+1)/((OR(All_Risk_Apps!$D$4:$D$1233={"High","Very High"}))*(All_Risk_Apps!$K$4:$K$1233="No")*(All_Risk_Apps!$A$4:$A$1233<>"")),75)),"") | D78: =IFERROR(INDEX(All_Risk_Apps!$C$4:$C$1233,_xludf.aggregate(15,6,(ROW(All_Risk_Apps!$A$4:$A$1233)-ROW(All_Risk_Apps!$A$4)+1)/((OR(All_Risk_Apps!$D$4:$D$1233={"High","Very High"}))*(All_Risk_Apps!$K$4:$K$1233="No")*(All_Risk_Apps!$A$4:$A$1233<>"")),75)),"") | E78: =IFERROR(INDEX(All_Risk_Apps!$E$4:$E$1233,_xludf.aggregate(15,6,(ROW(All_Risk_Apps!$A$4:$A$1233)-ROW(All_Risk_Apps!$A$4)+1)/((OR(All_Risk_Apps!$D$4:$D$1233={"High","Very High"}))*(All_Risk_Apps!$K$4:$K$1233="No")*(All_Risk_Apps!$A$4:$A$1233<>"")),75)),"") | F78: =IFERROR(INDEX(All_Risk_Apps!$F$4:$F$1233,_xludf.aggregate(15,6,(ROW(All_Risk_Apps!$A$4:$A$1233)-ROW(All_Risk_Apps!$A$4)+1)/((OR(All_Risk_Apps!$D$4:$D$1233={"High","Very High"}))*(All_Risk_Apps!$K$4:$K$1233="No")*(All_Risk_Apps!$A$4:$A$1233<>"")),75)),"") | G78: =IFERROR(INDEX(All_Risk_Apps!$I$4:$I$1233,_xludf.aggregate(15,6,(ROW(All_Risk_Apps!$A$4:$A$1233)-ROW(All_Risk_Apps!$A$4)+1)/((OR(All_Risk_Apps!$D$4:$D$1233={"High","Very High"}))*(All_Risk_Apps!$K$4:$K$1233="No")*(All_Risk_Apps!$A$4:$A$1233<>"")),75)),"") | H78: =IF(B78="","",IFERROR(INDEX(Server_Inventory!$R:$R,MATCH(B78,Server_Inventory!$Z:$Z,0)),"Not Found")) | I78: =IF(B78="","",IFERROR(INDEX(Server_Inventory!$S:$S,MATCH(B78,Server_Inventory!$Z:$Z,0)),"Not Found")) | J78: =IF(B78="","",COUNTIFS(Server_Inventory!$Z:$Z,B78,Server_Inventory!$P:$P,"R-RETIRED_IN_CMDB")) | K78: =IF(B78="","",IFERROR(INDEX(Container_Inventory!$F:$F,MATCH(B78,Container_Inventory!$L:$L,0)),"Not Found")) | L78: =IF(B78="","",IF(COUNTIF(Finding_List!$A:$A,B78)>0,"Yes","No")) | M78: =IF(B78="","",COUNTIF(Server_Inventory!$Z:$Z,B78)) | N78: =IF(B78="","",COUNTIF(Container_Inventory!$L:$L,B78))
A79: =IFERROR(INDEX(All_Risk_Apps!$A$4:$A$1233,_xludf.aggregate(15,6,(ROW(All_Risk_Apps!$A$4:$A$1233)-ROW(All_Risk_Apps!$A$4)+1)/((OR(All_Risk_Apps!$D$4:$D$1233={"High","Very High"}))*(All_Risk_Apps!$K$4:$K$1233="No")*(All_Risk_Apps!$A$4:$A$1233<>"")),76)),"") | B79: =IFERROR(INDEX(All_Risk_Apps!$B$4:$B$1233,_xludf.aggregate(15,6,(ROW(All_Risk_Apps!$A$4:$A$1233)-ROW(All_Risk_Apps!$A$4)+1)/((OR(All_Risk_Apps!$D$4:$D$1233={"High","Very High"}))*(All_Risk_Apps!$K$4:$K$1233="No")*(All_Risk_Apps!$A$4:$A$1233<>"")),76)),"") | C79: =IFERROR(INDEX(All_Risk_Apps!$D$4:$D$1233,_xludf.aggregate(15,6,(ROW(All_Risk_Apps!$A$4:$A$1233)-ROW(All_Risk_Apps!$A$4)+1)/((OR(All_Risk_Apps!$D$4:$D$1233={"High","Very High"}))*(All_Risk_Apps!$K$4:$K$1233="No")*(All_Risk_Apps!$A$4:$A$1233<>"")),76)),"") | D79: =IFERROR(INDEX(All_Risk_Apps!$C$4:$C$1233,_xludf.aggregate(15,6,(ROW(All_Risk_Apps!$A$4:$A$1233)-ROW(All_Risk_Apps!$A$4)+1)/((OR(All_Risk_Apps!$D$4:$D$1233={"High","Very High"}))*(All_Risk_Apps!$K$4:$K$1233="No")*(All_Risk_Apps!$A$4:$A$1233<>"")),76)),"") | E79: =IFERROR(INDEX(All_Risk_Apps!$E$4:$E$1233,_xludf.aggregate(15,6,(ROW(All_Risk_Apps!$A$4:$A$1233)-ROW(All_Risk_Apps!$A$4)+1)/((OR(All_Risk_Apps!$D$4:$D$1233={"High","Very High"}))*(All_Risk_Apps!$K$4:$K$1233="No")*(All_Risk_Apps!$A$4:$A$1233<>"")),76)),"") | F79: =IFERROR(INDEX(All_Risk_Apps!$F$4:$F$1233,_xludf.aggregate(15,6,(ROW(All_Risk_Apps!$A$4:$A$1233)-ROW(All_Risk_Apps!$A$4)+1)/((OR(All_Risk_Apps!$D$4:$D$1233={"High","Very High"}))*(All_Risk_Apps!$K$4:$K$1233="No")*(All_Risk_Apps!$A$4:$A$1233<>"")),76)),"") | G79: =IFERROR(INDEX(All_Risk_Apps!$I$4:$I$1233,_xludf.aggregate(15,6,(ROW(All_Risk_Apps!$A$4:$A$1233)-ROW(All_Risk_Apps!$A$4)+1)/((OR(All_Risk_Apps!$D$4:$D$1233={"High","Very High"}))*(All_Risk_Apps!$K$4:$K$1233="No")*(All_Risk_Apps!$A$4:$A$1233<>"")),76)),"") | H79: =IF(B79="","",IFERROR(INDEX(Server_Inventory!$R:$R,MATCH(B79,Server_Inventory!$Z:$Z,0)),"Not Found")) | I79: =IF(B79="","",IFERROR(INDEX(Server_Inventory!$S:$S,MATCH(B79,Server_Inventory!$Z:$Z,0)),"Not Found")) | J79: =IF(B79="","",COUNTIFS(Server_Inventory!$Z:$Z,B79,Server_Inventory!$P:$P,"R-RETIRED_IN_CMDB")) | K79: =IF(B79="","",IFERROR(INDEX(Container_Inventory!$F:$F,MATCH(B79,Container_Inventory!$L:$L,0)),"Not Found")) | L79: =IF(B79="","",IF(COUNTIF(Finding_List!$A:$A,B79)>0,"Yes","No")) | M79: =IF(B79="","",COUNTIF(Server_Inventory!$Z:$Z,B79)) | N79: =IF(B79="","",COUNTIF(Container_Inventory!$L:$L,B79))
A80: =IFERROR(INDEX(All_Risk_Apps!$A$4:$A$1233,_xludf.aggregate(15,6,(ROW(All_Risk_Apps!$A$4:$A$1233)-ROW(All_Risk_Apps!$A$4)+1)/((OR(All_Risk_Apps!$D$4:$D$1233={"High","Very High"}))*(All_Risk_Apps!$K$4:$K$1233="No")*(All_Risk_Apps!$A$4:$A$1233<>"")),77)),"") | B80: =IFERROR(INDEX(All_Risk_Apps!$B$4:$B$1233,_xludf.aggregate(15,6,(ROW(All_Risk_Apps!$A$4:$A$1233)-ROW(All_Risk_Apps!$A$4)+1)/((OR(All_Risk_Apps!$D$4:$D$1233={"High","Very High"}))*(All_Risk_Apps!$K$4:$K$1233="No")*(All_Risk_Apps!$A$4:$A$1233<>"")),77)),"") | C80: =IFERROR(INDEX(All_Risk_Apps!$D$4:$D$1233,_xludf.aggregate(15,6,(ROW(All_Risk_Apps!$A$4:$A$1233)-ROW(All_Risk_Apps!$A$4)+1)/((OR(All_Risk_Apps!$D$4:$D$1233={"High","Very High"}))*(All_Risk_Apps!$K$4:$K$1233="No")*(All_Risk_Apps!$A$4:$A$1233<>"")),77)),"") | D80: =IFERROR(INDEX(All_Risk_Apps!$C$4:$C$1233,_xludf.aggregate(15,6,(ROW(All_Risk_Apps!$A$4:$A$1233)-ROW(All_Risk_Apps!$A$4)+1)/((OR(All_Risk_Apps!$D$4:$D$1233={"High","Very High"}))*(All_Risk_Apps!$K$4:$K$1233="No")*(All_Risk_Apps!$A$4:$A$1233<>"")),77)),"") | E80: =IFERROR(INDEX(All_Risk_Apps!$E$4:$E$1233,_xludf.aggregate(15,6,(ROW(All_Risk_Apps!$A$4:$A$1233)-ROW(All_Risk_Apps!$A$4)+1)/((OR(All_Risk_Apps!$D$4:$D$1233={"High","Very High"}))*(All_Risk_Apps!$K$4:$K$1233="No")*(All_Risk_Apps!$A$4:$A$1233<>"")),77)),"") | F80: =IFERROR(INDEX(All_Risk_Apps!$F$4:$F$1233,_xludf.aggregate(15,6,(ROW(All_Risk_Apps!$A$4:$A$1233)-ROW(All_Risk_Apps!$A$4)+1)/((OR(All_Risk_Apps!$D$4:$D$1233={"High","Very High"}))*(All_Risk_Apps!$K$4:$K$1233="No")*(All_Risk_Apps!$A$4:$A$1233<>"")),77)),"") | G80: =IFERROR(INDEX(All_Risk_Apps!$I$4:$I$1233,_xludf.aggregate(15,6,(ROW(All_Risk_Apps!$A$4:$A$1233)-ROW(All_Risk_Apps!$A$4)+1)/((OR(All_Risk_Apps!$D$4:$D$1233={"High","Very High"}))*(All_Risk_Apps!$K$4:$K$1233="No")*(All_Risk_Apps!$A$4:$A$1233<>"")),77)),"") | H80: =IF(B80="","",IFERROR(INDEX(Server_Inventory!$R:$R,MATCH(B80,Server_Inventory!$Z:$Z,0)),"Not Found")) | I80: =IF(B80="","",IFERROR(INDEX(Server_Inventory!$S:$S,MATCH(B80,Server_Inventory!$Z:$Z,0)),"Not Found")) | J80: =IF(B80="","",COUNTIFS(Server_Inventory!$Z:$Z,B80,Server_Inventory!$P:$P,"R-RETIRED_IN_CMDB")) | K80: =IF(B80="","",IFERROR(INDEX(Container_Inventory!$F:$F,MATCH(B80,Container_Inventory!$L:$L,0)),"Not Found")) | L80: =IF(B80="","",IF(COUNTIF(Finding_List!$A:$A,B80)>0,"Yes","No")) | M80: =IF(B80="","",COUNTIF(Server_Inventory!$Z:$Z,B80)) | N80: =IF(B80="","",COUNTIF(Container_Inventory!$L:$L,B80))
A81: =IFERROR(INDEX(All_Risk_Apps!$A$4:$A$1233,_xludf.aggregate(15,6,(ROW(All_Risk_Apps!$A$4:$A$1233)-ROW(All_Risk_Apps!$A$4)+1)/((OR(All_Risk_Apps!$D$4:$D$1233={"High","Very High"}))*(All_Risk_Apps!$K$4:$K$1233="No")*(All_Risk_Apps!$A$4:$A$1233<>"")),78)),"") | B81: =IFERROR(INDEX(All_Risk_Apps!$B$4:$B$1233,_xludf.aggregate(15,6,(ROW(All_Risk_Apps!$A$4:$A$1233)-ROW(All_Risk_Apps!$A$4)+1)/((OR(All_Risk_Apps!$D$4:$D$1233={"High","Very High"}))*(All_Risk_Apps!$K$4:$K$1233="No")*(All_Risk_Apps!$A$4:$A$1233<>"")),78)),"") | C81: =IFERROR(INDEX(All_Risk_Apps!$D$4:$D$1233,_xludf.aggregate(15,6,(ROW(All_Risk_Apps!$A$4:$A$1233)-ROW(All_Risk_Apps!$A$4)+1)/((OR(All_Risk_Apps!$D$4:$D$1233={"High","Very High"}))*(All_Risk_Apps!$K$4:$K$1233="No")*(All_Risk_Apps!$A$4:$A$1233<>"")),78)),"") | D81: =IFERROR(INDEX(All_Risk_Apps!$C$4:$C$1233,_xludf.aggregate(15,6,(ROW(All_Risk_Apps!$A$4:$A$1233)-ROW(All_Risk_Apps!$A$4)+1)/((OR(All_Risk_Apps!$D$4:$D$1233={"High","Very High"}))*(All_Risk_Apps!$K$4:$K$1233="No")*(All_Risk_Apps!$A$4:$A$1233<>"")),78)),"") | E81: =IFERROR(INDEX(All_Risk_Apps!$E$4:$E$1233,_xludf.aggregate(15,6,(ROW(All_Risk_Apps!$A$4:$A$1233)-ROW(All_Risk_Apps!$A$4)+1)/((OR(All_Risk_Apps!$D$4:$D$1233={"High","Very High"}))*(All_Risk_Apps!$K$4:$K$1233="No")*(All_Risk_Apps!$A$4:$A$1233<>"")),78)),"") | F81: =IFERROR(INDEX(All_Risk_Apps!$F$4:$F$1233,_xludf.aggregate(15,6,(ROW(All_Risk_Apps!$A$4:$A$1233)-ROW(All_Risk_Apps!$A$4)+1)/((OR(All_Risk_Apps!$D$4:$D$1233={"High","Very High"}))*(All_Risk_Apps!$K$4:$K$1233="No")*(All_Risk_Apps!$A$4:$A$1233<>"")),78)),"") | G81: =IFERROR(INDEX(All_Risk_Apps!$I$4:$I$1233,_xludf.aggregate(15,6,(ROW(All_Risk_Apps!$A$4:$A$1233)-ROW(All_Risk_Apps!$A$4)+1)/((OR(All_Risk_Apps!$D$4:$D$1233={"High","Very High"}))*(All_Risk_Apps!$K$4:$K$1233="No")*(All_Risk_Apps!$A$4:$A$1233<>"")),78)),"") | H81: =IF(B81="","",IFERROR(INDEX(Server_Inventory!$R:$R,MATCH(B81,Server_Inventory!$Z:$Z,0)),"Not Found")) | I81: =IF(B81="","",IFERROR(INDEX(Server_Inventory!$S:$S,MATCH(B81,Server_Inventory!$Z:$Z,0)),"Not Found")) | J81: =IF(B81="","",COUNTIFS(Server_Inventory!$Z:$Z,B81,Server_Inventory!$P:$P,"R-RETIRED_IN_CMDB")) | K81: =IF(B81="","",IFERROR(INDEX(Container_Inventory!$F:$F,MATCH(B81,Container_Inventory!$L:$L,0)),"Not Found")) | L81: =IF(B81="","",IF(COUNTIF(Finding_List!$A:$A,B81)>0,"Yes","No")) | M81: =IF(B81="","",COUNTIF(Server_Inventory!$Z:$Z,B81)) | N81: =IF(B81="","",COUNTIF(Container_Inventory!$L:$L,B81))
